TICKER	CCAT
0BA Comdty	502030
0EA Comdty	502030
0GA Comdty	101010
0NA Comdty	502035
0QA Comdty	502035
0RA Comdty	502020
0TA Comdty	502032
0UA Comdty	502020
0VA Comdty	502030
1AA Comdty	202510
1AA Curncy	501010
1BA Curncy	501010
1CA Comdty	502010
1CA Curncy	501010
1DA Comdty	202610
1EA Index	503080
1FA Comdty	502030
1FA Curncy	501010
1FA Index	503080
1GA Curncy	501010
1HA Curncy	501010
1IA Comdty	502010
1IA Curncy	501010
1JA Comdty	502010
1JA Curncy	501010
1KA Comdty	502030
1LA Curncy	501010
1MA Comdty	502010
1MA Curncy	501010
1OA Comdty	502020
1OA Index	503080
1PA Comdty	502030
1RA Curncy	501010
1SA Comdty	202010
1SA Curncy	501010
1TA Curncy	501010
1TA Index	503030
1UA Index	503030
1VA Curncy	501010
1WA Comdty	502010
1XA Comdty	201010
1XA Curncy	501010
1ZA Comdty	201030
1ZA Curncy	501010
2AA Curncy	501010
2BA Comdty	502030
2BA Curncy	501010
2CA Comdty	502010
2CA Curncy	501010
2EA Comdty	502030
2EA Index	503080
2FA Curncy	501010
2FA Index	503080
2GA Comdty	101010
2GA Curncy	501010
2HA Curncy	501010
2IA Comdty	502010
2IA Curncy	501010
2JA Comdty	502010
2JA Curncy	501010
2LA Curncy	501010
2MA Comdty	502010
2MA Curncy	501010
2NA Comdty	502035
2OA Comdty	502020
2OA Index	503080
2QA Comdty	502035
2RA Comdty	502030
2RA Curncy	501010
2SA Curncy	501010
2TA Curncy	501010
2TA Index	503030
2UA Curncy	501010
2UA Index	503030
2VA Comdty	502030
2VA Curncy	501010
2WA Comdty	502010
2XA Curncy	501010
2ZA Curncy	501010
3AA Curncy	501010
3BA Curncy	501010
3CA Comdty	502010
3CA Curncy	501010
3EA Comdty	502030
3EA Index	503080
3FA Curncy	501010
3FA Index	503080
3GA Comdty	101010
3GA Curncy	501010
3HA Curncy	501010
3IA Comdty	502010
3IA Curncy	501010
3JA Comdty	502010
3JA Curncy	501010
3LA Curncy	501010
3MA Comdty	502010
3MA Curncy	501010
3NA Comdty	502035
3OA Comdty	502020
3OA Index	503080
3QA Comdty	502035
3RA Comdty	502030
3RA Curncy	501010
3SA Curncy	501010
3TA Curncy	501010
3UA Curncy	501010
3VA Comdty	502030
3VA Curncy	501010
3WA Comdty	502010
3XA Curncy	501010
3YA Comdty	502010
3ZA Curncy	501010
4AA Curncy	501010
4BA Curncy	501010
4CA Comdty	502010
4CA Curncy	501010
4EA Comdty	502030
4EA Index	503080
4FA Curncy	501010
4FA Index	503080
4GA Comdty	101010
4GA Curncy	501010
4HA Curncy	501010
4IA Comdty	502010
4IA Curncy	501010
4JA Comdty	502010
4JA Curncy	501010
4LA Curncy	501010
4MA Comdty	502010
4MA Curncy	501010
4NA Comdty	502035
4OA Comdty	502020
4OA Index	503080
4QA Comdty	502035
4RA Comdty	502030
4RA Curncy	501010
4SA Curncy	501010
4TA Curncy	501010
4TA Index	503030
4UA Curncy	501010
4UA Index	503030
4VA Comdty	502030
4VA Curncy	501010
4WA Comdty	502010
4XA Curncy	501010
4ZA Curncy	501010
5AA Curncy	501010
5CA Comdty	502010
5CA Curncy	501010
5EA Comdty	502030
5FA Curncy	501010
5GA Comdty	101010
5GA Curncy	501010
5HA Curncy	501010
5IA Comdty	502010
5IA Curncy	501010
5JA Comdty	502010
5JA Curncy	501010
5MA Comdty	502010
5MA Curncy	501010
5NA Comdty	502035
5OA Index	503080
5QA Comdty	502035
5RA Comdty	502030
5RA Curncy	501010
5SA Curncy	501010
5TA Curncy	501010
5UA Curncy	501010
5VA Curncy	501010
5WA Comdty	502010
5XA Curncy	501010
5ZA Curncy	501010
6UA Comdty	502020
9YA Curncy	501010
A1A Curncy	501010
A2A Curncy	501010
A3A Curncy	501010
A4A Curncy	501010
A5A Curncy	501010
A5A Index	503080
A7A Comdty	103030
A8A Curncy	501010
AAA Comdty	103020
AAOA Index	503080
ABA Comdty	10105020
ABCA Index	503080
ABDA Comdty	10103080
ACA Comdty	201010
ACA Curncy	501010
ACDA Curncy	501010
ACOA Index	503080
ADA Curncy	501010
ADAA Comdty	10101080
ADBA Curncy	501010
ADRA Curncy	501010
AEA Comdty	202610
AEAA Comdty	10103040
AEEA Comdty	10105030
AEYA Comdty	10105020
AFA Index	503080
AFCA Comdty	10103030
AFEA Comdty	10102030
AFIA Comdty	10102030
AFRA Comdty	401020
AFRA Index	503080
AFTA Index	503080
AGA Comdty	101010
AGAA Index	503080
AGSA Comdty	10102050
AGSA Index	503080
AGTA Comdty	101010
AGYA Comdty	10102050
AHEA Index	503080
AHIA Index	503080
AHTA Index	503080
AIA Index	503080
AJA Curncy	501010
AJA Index	503080
AJAA Comdty	302010
AJTA Index	503080
AJWA Index	402010
AJYA Curncy	501010
AKA Comdty	202010
AKDA Index	402010
AKRA Index	503080
AKTA Index	503080
ALAA Comdty	103020
ALAA Index	502080
ALEA Comdty	103020
ALLA Index	503080
ALPA Comdty	103020
ALSA Comdty	10103050
ALTA Index	502080
AMA Index	402010
AMAA Comdty	25401017
AMCA Index	503080
AMIA Comdty	102010
AMIA Index	503080
AMOA Index	10103050
ANA Curncy	501010
ANRA Index	503080
ANSA Comdty	10103020
ANSA Curncy	501010
ANSA Index	503080
ANTA Curncy	501010
ANWA Index	503080
AOA Comdty	10105020
AOPA Comdty	10105020
APA Comdty	101020
APA Index	402010
APAA Curncy	501010
APIA Comdty	10105030
APPA Comdty	10105020
APPA Index	503080
APSA Comdty	10102030
APTA Index	503080
APWA Comdty	20502010
AQAA Comdty	10101085
AQYA Index	503080
ARA Curncy	501010
ARBA Comdty	101010
ARBA Curncy	501010
ARCA Comdty	10101080
ARIA Comdty	101010
ARTA Comdty	10101080
ARWA Curncy	501010
ASA Curncy	501010
ASAA Index	503080
ASDA Curncy	501010
ASDA Index	503020
ASRA Index	503080
ASTA Index	503080
ATCA Index	503080
ATPA Index	503080
ATRA Index	503080
ATTA Index	503080
AUA Comdty	10105020
AUAA Comdty	102010
AUAA Curncy	501010
AUEA Index	503080
AUIA Index	503080
AUOA Curncy	501010
AUPA Comdty	103020
AUSA Index	503080
AVA Comdty	101040
AVSA Index	503080
AWA Comdty	10105020
AWA Index	503080
AXA Comdty	207010
AXCA Curncy	501010
AXDA Index	503020
AXOA Index	503080
AXRA Index	503080
AXWA Index	503080
AYAA Comdty	101010
AZA Curncy	501010
AZA Index	503080
AZAA Curncy	501010
B1A Curncy	501010
B2A Curncy	501010
B5A Comdty	101010
B6A Comdty	304025
BAA Comdty	502020
BAPA Comdty	10102030
BBA Index	509080
BBBA Index	503080
BBDA Index	503080
BBEA Comdty	10105010
BBPA Index	503080
BBSA Comdty	10105010
BBTA Index	503080
BBWA Index	503080
BBYA Index	503080
BCA Index	503080
BCCA Index	101010
BCEA Index	101010
BCLA Curncy	501020
BCWA Index	101010
BCYA Index	503080
BDDA Comdty	401010
BDRA Curncy	501010
BDRA Index	509080
BDSA Comdty	101010
BDWA Curncy	501010
BEA Curncy	501010
BEA Index	503080
BEAA Comdty	10105010
BEBA Comdty	10105010
BEBAQ Comdty	10105010
BEBAY Comdty	10105010
BEEA Comdty	10105010
BESA Index	503080
BFDA Comdty	401020
BFRA Comdty	502030
BGAA Comdty	10103040
BGAA Curncy	501010
BGBA Curncy	501010
BGDA Index	509080
BGRA Curncy	501010
BGYA Index	509080
BHA Comdty	101010
BHA Index	503080
BHBA Comdty	10105010
BHDA Comdty	502010
BHIA Comdty	201030
BHLA Comdty	502010
BHLA Index	503080
BHPA Curncy	501010
BHRA Comdty	502010
BHSA Index	503080
BHTA Comdty	502010
BHWA Comdty	10101080
BIA Comdty	502010
BIIA Index	509080
BITA Comdty	10104020
BITA Curncy	501020
BJA Comdty	502010
BJA Index	503080
BJAA Comdty	201065
BJLA Index	503080
BJSA Comdty	202010
BJSA Index	503080
BKDA Index	503080
BKYA Index	503080
BLA Comdty	103060
BLCA Comdty	303020
BLEA Comdty	10105020
BMA Curncy	501010
BMA Index	503080
BMAA Comdty	10105010
BMCA Curncy	501020
BMLA Index	503080
BMRA Curncy	501020
BMWA Index	503080
BMYA Curncy	501020
BNA Index	503080
BNDA Index	503080
BNRA Comdty	30602010
BNRA Index	503080
BNSA Comdty	30602010
BNSA Index	503080
BNTA Curncy	501010
BNWA Comdty	10105010
BOA Comdty	202510
BOBA Comdty	10101085
BORA Index	504020
BOSA Index	503080
BOYA Index	503080
BPA Comdty	202010
BPA Curncy	501010
BPBA Curncy	501010
BPCA Comdty	101010
BPDA Comdty	401020
BPTA Index	503080
BQA Comdty	102010
BQBA Comdty	101020
BQPA Comdty	101010
BQWA Curncy	501010
BRA Curncy	501010
BRCA Comdty	101010
BRCA Index	101010
BRSA Index	101010
BSBA Comdty	502035
BSCA Comdty	25401045
BSPA Comdty	101010
BSPA Index	503080
BSRA Curncy	501010
BSSA Comdty	20259510
BSTA Comdty	10105010
BSTA Index	503080
BTAA Comdty	502010
BTBA Comdty	10105020
BTCA Comdty	10105010
BTCA Curncy	501020
BTCAQ Comdty	10105010
BTCAY Comdty	10105010
BTDA Comdty	25401016
BTDA Curncy	501020
BTDA Index	503080
BTEA Curncy	501020
BTEAW Comdty	10105010
BTKAW Comdty	10105010
BTLA Comdty	502010
BTLA Index	503080
BTOA Comdty	502010
BTSA Comdty	502010
BTWA Comdty	40101020
BUCA Comdty	10103030
BULA Index	503080
BUOA Comdty	502010
BUPA Comdty	10103050
BUSA Comdty	103535
BUTA Comdty	25401016
BVA Comdty	101040
BVAA Comdty	10103040
BVTA Comdty	10105010
BWA Index	503080
BWCA Index	503080
BWCAQ Comdty	10105010
BWDA Comdty	10101070
BWEAW Comdty	10105010
BWKAW Comdty	10105010
BWTA Index	503080
BXBA Comdty	10105010
BXBAW Comdty	10105020
BXDA Index	503080
BXEA Comdty	10105010
BXIA Index	503080
BXLA Index	503080
BXOA Index	503080
BXRA Index	504020
BXTA Index	504020
BXYA Index	504020
BYAA Comdty	10101080
BYCA Comdty	10105010
BYOA Comdty	10102050
BYOAQ Comdty	10102050
BYOAS Comdty	10102050
BYOAY Comdty	10102050
BYRA Curncy	501010
BYSA Comdty	10102050
BYSA Curncy	501010
BYSAQ Comdty	10102050
BYSAS Comdty	10102050
BYSAY Comdty	10102050
BYTA Index	503080
BYWA Comdty	104020
BYWA Curncy	501010
BYYA Comdty	10105020
BYYA Index	503080
BZA Index	503080
BZAA Comdty	101010
BZBA Comdty	101010
BZCA Comdty	101010
BZIA Comdty	101010
BZLA Comdty	101010
BZSA Comdty	101010
BZTA Comdty	101010
BZWA Index	503080
BZYA Index	503080
C A Comdty	201010
C0A Comdty	20209020
C2A Comdty	203555
C2A Curncy	501010
C3A Comdty	102010
C3A Curncy	501010
C7A Comdty	202640
CAA Comdty	201030
CAA Curncy	501010
CAA Index	503080
CAIA Curncy	501010
CAPA Comdty	10102010
CASA Curncy	501010
CBA Comdty	20305010
CBPA Comdty	502030
CBSA Comdty	201010
CBWA Comdty	201030
CBWAW Comdty	10105010
CCA Comdty	207020
CCA Curncy	501010
CCIA Comdty	10104040
CCLA Comdty	301010
CCPA Comdty	10102030
CCTA Comdty	207020
CCWA Index	503080
CCYA Index	503080
CDA Curncy	501010
CDAA Comdty	10105020
CDBA Curncy	501010
CDOA Comdty	10105030
CDSA Index	503080
CDWA Index	503080
CDYA Index	503080
CEAA Comdty	502010
CEAA Index	503080
CEBA Index	503080
CEEA Index	503080
CEGA Comdty	10102050
CEGAQ Comdty	10102050
CEGAS Comdty	10102050
CEGAY Comdty	10102050
CEIA Comdty	10104040
CEIA Index	503080
CEOA Index	503080
CESA Index	503080
CEWA Index	503080
CEYA Comdty	502010
CEYA Index	503080
CFA Index	503080
CFAA Comdty	10101085
CFCA Index	503080
CFDA Comdty	207010
CFLA Curncy	501010
CFPA Comdty	502030
CFSA Index	503080
CFWA Curncy	501010
CFWA Index	503080
CGA Curncy	501010
CGA Index	504020
CGAA Index	4050
CGBA Comdty	40101030
CGDA Comdty	40101030
CGIA Comdty	40101030
CHA Comdty	10103010
CHA Curncy	501010
CHEA Comdty	25401040
CHLA Comdty	10105020
CHLA Curncy	501010
CHPA Comdty	502030
CHTA Curncy	501010
CHTA Index	503080
CHWA Comdty	101040
CHWA Curncy	501010
CHYA Curncy	501010
CIPA Comdty	502030
CIRA Comdty	401020
CJA Curncy	501010
CJA Index	402010
CJEA Index	503080
CKA Curncy	501010
CKA Index	402010
CKCA Comdty	10104010
CKTA Comdty	10102050
CKTAQ Comdty	10102050
CKTAS Comdty	10102050
CKTAY Comdty	10102050
CLA Comdty	101010
CLA Curncy	501010
CLCA Comdty	10101080
CLIA Comdty	10102030
CLSA Comdty	101010
CLTA Comdty	101010
CLWA Comdty	101010
CMA Curncy	501010
CMDA Comdty	10105030
CMEA Index	509080
CMOA Comdty	10105030
CMPA Comdty	10105020
CMRA Comdty	10102030
CMSA Comdty	30603010
CMSA Index	503080
CNA Comdty	502010
CNA Curncy	501010
CNBA Comdty	10102030
CNLA Comdty	10102030
CNPA Comdty	502030
CNSA Curncy	501010
CNTA Curncy	501010
COA Comdty	101010
COA Curncy	501010
COA Index	504020
COAA Comdty	101040
COCA Comdty	207020
COOA Comdty	401020
COPA Comdty	10105030
CORA Comdty	502035
COSA Index	503080
COTA Comdty	101010
COY Comdty	101010
CPA Comdty	101010
CPAA Comdty	10105020
CPBA Comdty	202530
CPLA Comdty	10102030
CPLA Curncy	501010
CPPA Comdty	103010
CQA Curncy	501010
CQA Index	402010
CQBA Index	503080
CQPA Comdty	10102010
CRA Curncy	501010
CRDA Comdty	201010
CRDA Curncy	501010
CREA Curncy	501010
CRPA Comdty	101020
CRPA Curncy	501010
CSA Index	402010
CSAA Comdty	253080
CSBA Index	503080
CSCA Comdty	253080
CSEA Comdty	253080
CSIA Index	503080
CSOA Comdty	253080
CSWA Comdty	20305010
CTA Comdty	301010
CTA Curncy	501010
CTPA Comdty	502030
CTTA Comdty	301010
CTWA Comdty	301010
CUA Comdty	103010
CUA Curncy	501010
CUA Index	503080
CUAA Comdty	30603020
CUAA Curncy	501010
CUCA Comdty	10103080
CUEA Curncy	501010
CULA Comdty	10103020
CUPA Comdty	103010
CUPA Index	503020
CURA Comdty	10103080
CUSA Comdty	10103040
CUSA Curncy	501010
CUTA Comdty	101040
CUTA Index	503080
CVA Comdty	502010
CVA Index	504020
CVAA Comdty	401020
CVOA Index	503080
CVRA Comdty	30603020
CVTA Comdty	104020
CVYA Comdty	401020
CWA Curncy	501010
CWBAW Comdty	10105010
CWIA Index	502080
CWPAW Comdty	10105020
CWWA Comdty	101010
CWYA Index	502080
CXA Index	504020
CXIA Comdty	401020
CXPA Comdty	403010
CXWA Comdty	101010
CXYA Comdty	201010
CYA Curncy	501010
CYA Index	504020
CYCA Curncy	501010
CYSA Comdty	401020
CYTA Comdty	401020
CZA Curncy	501010
CZTA Comdty	201010
CZWA Curncy	501010
D1A Index	503080
D2A Index	503080
D4A Index	503080
D5A Index	503080
DAA Comdty	25401010
DAA Index	503080
DAEA Comdty	10102030
DALA Curncy	501010
DALA Index	503080
DAPA Comdty	10105020
DARA Curncy	501010
DARA Index	503080
DASA Comdty	103010
DASA Curncy	501010
DATA Comdty	101010
DATA Index	503080
DBA Index	503080
DBEA Index	503020
DBLA Comdty	101010
DBPA Comdty	101010
DBRA Comdty	101010
DBSA Index	503080
DCA Comdty	10101085
DCAA Curncy	501010
DCCA Curncy	501010
DCEA Comdty	254020
DCIA Comdty	502030
DCLA Comdty	502010
DCOA Comdty	103010
DCPA Index	503080
DCRA Curncy	501020
DCRA Index	503080
DCSA Comdty	203510
DCSA Curncy	501020
DCTA Comdty	10101080
DCWA Comdty	10101080
DCYA Comdty	502010
DCYA Curncy	501010
DDA Index	402010
DEDA Index	503020
DEEA Index	503020
DESA Index	503080
DETA Comdty	10105010
DFA Comdty	207010
DFA Index	402010
DFBAW Comdty	10105010
DFIA Comdty	10105020
DFOA Comdty	10105020
DFPA Comdty	10105010
DFPAW Comdty	10105020
DFRA Comdty	10105010
DFSA Comdty	10105010
DFWA Index	503080
DFYA Comdty	10105020
DGA Comdty	25401010
DGCA Comdty	102010
DGIA Comdty	102010
DGIA Index	503080
DGLA Comdty	102010
DGSA Comdty	102020
DGSA Index	509080
DHA Comdty	101010
DHCA Index	503020
DHSA Index	503020
DIDA Comdty	102010
DIEA Index	503020
DIPA Curncy	501010
DISA Index	503080
DJEA Index	503080
DJWA Curncy	501010
DJYA Comdty	10101080
DKAA Comdty	502010
DKBA Comdty	502010
DKRA Index	503020
DLA Comdty	30603020
DLA Index	504020
DLIA Comdty	10105010
DLTA Comdty	10105020
DMA Index	503080
DNA Comdty	502020
DNA Index	509080
DNYA Comdty	10105020
DOA Curncy	501010
DOPA Curncy	501010
DOWA Comdty	401020
DOWA Curncy	501010
DPA Curncy	501010
DPA Index	503080
DPBA Comdty	10105020
DPDA Curncy	501010
DPLA Comdty	10105030
DPRA Comdty	201020
DPTA Comdty	10105030
DPWA Comdty	401020
DPWA Curncy	501010
DQA Index	504020
DQAA Comdty	10105020
DRAA Comdty	10105030
DRAA Curncy	501010
DRCA Index	509080
DREA Comdty	401020
DRIA Comdty	401020
DRRA Curncy	501010
DRWA Comdty	25401033
DSA Curncy	501010
DSDA Index	503020
DTA Comdty	101020
DTEA Index	503020
DTIA Comdty	401020
DTRA Curncy	501010
DTRA Index	503080
DTSA Comdty	103530
DTSA Index	503080
DUA Comdty	502010
DUA Index	503080
DUBA Comdty	10105010
DUBAQ Comdty	10105010
DUBAY Comdty	10105010
DUCA Comdty	10105020
DUCAQ Comdty	10105020
DUCAY Comdty	10105020
DUDA Comdty	102010
DUDA Curncy	501010
DUEA Index	503020
DURA Comdty	201035
DUSA Comdty	10103010
DUSA Curncy	501010
DUSA Index	503080
DVA Index	503080
DVDA Index	503020
DVEA Index	503080
DVTA Index	503080
DVYA Comdty	10105020
DWA Comdty	502010
DWA Index	503080
DWBAW Comdty	10105010
DWEA Comdty	10103080
DWPAW Comdty	10105020
DWTA Comdty	101010
DXA Curncy	501080
DXA Index	504020
DXIA Curncy	501010
DXLA Curncy	501010
DXRA Index	503080
DXSA Index	503080
DXTA Curncy	501080
DXY Curncy	501080
DYSA Comdty	10103030
DZA Index	504020
DZBA Index	503080
DZWA Curncy	501010
EAA Curncy	501010
EBA Comdty	201010
EBA Index	503080
ECA Comdty	101010
ECA Curncy	501010
EDA Comdty	502020
EEA Curncy	501010
EFA Index	504020
EGA Curncy	501010
EHA Curncy	501010
EHA Index	503080
EIA Comdty	10103040
EIA Curncy	501010
EJA Curncy	501010
EJA Index	504020
EKA Comdty	10103020
ELA Comdty	10103040
EMA Comdty	502020
ENA Curncy	501010
ENBA Comdty	10105010
EOA Comdty	101020
EOA Index	503080
EPA Comdty	201010
EPA Index	503080
ERA Comdty	502020
ESA Index	503080
ETA Comdty	10103030
ETSA Comdty	10105010
EUA Comdty	10105010
EVA Comdty	10105010
EVA Curncy	502030
EWA Comdty	10105010
EWA Curncy	501010
EXA Curncy	501010
EZA Comdty	10105010
EZA Curncy	501010
FAA Index	503080
FAAA Comdty	10105010
FABA Comdty	10105010
FACA Comdty	10105010
FAEA Index	503080
FALA Comdty	103020
FAPA Index	403010
FASA Curncy	501010
FATA Index	503080
FAWA Index	503080
FAYA Comdty	401050
FBA Comdty	502010
FBAA Comdty	201040
FBBA Comdty	502010
FBSA Index	503080
FBYA Comdty	10105010
FCA Comdty	251010
FCAA Curncy	501010
FCBA Comdty	201010
FCBAW Comdty	10105010
FCCA Comdty	207010
FCCA Curncy	501010
FCDA Index	509080
FCEA Index	509080
FCIA Index	509080
FCLA Index	509080
FCOA Comdty	207020
FCPA Curncy	501010
FCRA Index	509080
FCSA Comdty	401020
FCTA Comdty	301010
FCTA Index	509080
FCYA Index	503080
FDBAW Comdty	10105080
FDBAY Comdty	10105010
FDIA Index	503020
FDOA Index	503080
FDPA Comdty	10105020
FDPAQ Comdty	10105020
FDPAY Comdty	10105020
FDSA Index	503080
FDTA Comdty	403010
FDWA Comdty	10101085
FEAA Comdty	10103040
FEDA Comdty	202530
FEEA Comdty	10101080
FEEA Curncy	501010
FEPA Comdty	204010
FESA Comdty	10103020
FESA Index	503080
FEWA Comdty	401020
FFA Comdty	502020
FFAA Comdty	101010
FFAA Index	503080
FFBA Index	503080
FFDA Index	503080
FFEA Index	503080
FFIA Index	503080
FFPA Index	503080
FFTA Comdty	502010
FFTA Index	101010
FGBA Comdty	10105010
FGBAQ Comdty	10105010
FGBAW Comdty	10105010
FGBAY Comdty	10105010
FGDA Comdty	102010
FGEA Index	503080
FGIA Index	503080
FGLA Comdty	305020
FGRA Comdty	10103080
FGRA Index	503080
FGSA Index	503080
FHAA Comdty	10101080
FHBA Comdty	101040
FHBAW Comdty	10105010
FHDA Comdty	10101085
FHTA Index	503080
FHWA Index	503080
FHYA Comdty	25401033
FIA Index	503080
FIAA Comdty	10105020
FIBA Comdty	10105020
FIBAW Comdty	10105010
FICA Comdty	10105020
FIEA Index	503080
FILA Comdty	101010
FIPAW Comdty	10105020
FIRA Index	503080
FIYA Index	503080
FJCA Comdty	101010
FJCA Index	503080
FJDA Index	503080
FJIA Index	503080
FJLA Index	503080
FJOA Index	503080
FJRA Index	503080
FJSA Comdty	10102050
FJTA Index	503080
FJWA Index	503080
FJYA Index	503080
FKA Comdty	101040
FKBA Index	503080
FKDA Curncy	501010
FKOA Curncy	501010
FKPA Curncy	501010
FKSA Index	503080
FKYA Comdty	502020
FLBAQ Comdty	10105010
FLLA Comdty	502030
FLOA Comdty	20209510
FLPA Index	503080
FLRA Comdty	10102030
FLTA Comdty	40101030
FMAA Index	503080
FMCA Index	503080
FMDA Index	503020
FMIA Comdty	401050
FMIA Index	503080
FMLA Index	503080
FMOA Index	503080
FMPA Comdty	10102050
FMPA Index	503080
FMSA Comdty	10103050
FMTA Index	503080
FMWA Index	503080
FMYA Comdty	10102050
FMYA Index	503080
FNA Comdty	101020
FNAA Comdty	101020
FNAA Index	503080
FNCA Index	503080
FNDA Comdty	10105010
FNEA Index	503080
FNLA Index	503080
FNOA Comdty	10105010
FNOA Index	503080
FNPA Comdty	10105010
FNPA Index	503080
FNRA Comdty	10105010
FNSA Index	503080
FNTA Comdty	101020
FNYA Index	503080
FOA Comdty	10103050
FOA Curncy	501010
FOEA Comdty	10105010
FOSA Comdty	10103050
FOWA Comdty	10103050
FPA Comdty	502020
FPAA Comdty	10105010
FPBAW Comdty	10105010
FPBAY Comdty	10105010
FPCA Comdty	10103030
FPOA Comdty	20253110
FPOA Index	503080
FPPA Index	503080
FPRA Comdty	10105010
FPSA Comdty	10103080
FPYA Comdty	10105010
FQCA Comdty	101040
FQRA Comdty	10105010
FQRA Index	503080
FRCA Comdty	502032
FREA Comdty	303030
FRLA Comdty	40101020
FROA Comdty	502032
FRPAW Comdty	10105010
FRTA Comdty	40101020
FRYA Comdty	401020
FRYAY Comdty	10105020
FSA Curncy	501010
FSAA Comdty	103535
FSBA Comdty	20301010
FSCA Index	509080
FSDA Comdty	401050
FSEA Index	503080
FSOA Comdty	502030
FSPA Comdty	25401023
FSRA Comdty	40101020
FSWA Comdty	502030
FSYA Index	503080
FTA Index	503080
FTBAW Comdty	10105010
FTBAY Comdty	10105010
FTCA Comdty	403010
FTIA Comdty	103050
FTKA Comdty	10105020
FTKAQ Comdty	10105020
FTKAW Comdty	10105020
FTKAY Comdty	10105020
FTOA Comdty	101040
FTYA Comdty	10102050
FUA Comdty	201040
FUAA Comdty	403010
FUBA Index	503080
FUBAW Comdty	10105010
FUDA Comdty	101040
FUEA Index	503080
FUIA Comdty	401020
FUPA Comdty	10105010
FUPA Curncy	501010
FUPAW Comdty	10105020
FURA Comdty	101040
FUSA Comdty	10103080
FUSA Curncy	501010
FUWA Comdty	401050
FUYA Comdty	10105010
FVA Comdty	502010
FVAA Comdty	10105010
FVBA Comdty	10103050
FVCA Comdty	10105010
FVDA Comdty	10105020
FVEA Comdty	10105020
FVIA Comdty	10105030
FVIA Index	503080
FVLA Comdty	10105030
FVOA Comdty	10105010
FVPA Comdty	10105010
FVRA Comdty	10105030
FVSA Comdty	10105010
FVSA Index	503030
FVTA Comdty	10105020
FVWA Comdty	502080
FWAA Comdty	502010
FWCA Comdty	10105020
FWDA Comdty	10105020
FWEA Comdty	10105020
FWIA Comdty	502035
FWOA Comdty	101040
FWPAW Comdty	10105020
FWRA Comdty	502035
FWSA Comdty	502035
FWTA Comdty	10105010
FWWA Comdty	10105030
FXEA Index	503080
FXOA Index	503080
FXPA Index	503080
FXRA Index	503080
FXSA Index	503080
FXWA Index	503080
FXYA Index	503080
FYA Comdty	201040
FYEA Index	503080
FYSA Comdty	10103010
FZAA Comdty	502035
FZAA Curncy	501010
FZBA Curncy	501010
FZCA Curncy	501010
FZEA Comdty	30603020
FZEA Curncy	501010
FZIA Curncy	501010
FZLA Curncy	501010
FZTA Comdty	502030
FZWA Comdty	502035
FZYA Index	503080
G A Comdty	502010
G0A Comdty	206050
G1A Comdty	10103080
G9A Comdty	101010
GBA Curncy	501010
GCA Comdty	102010
GCWA Comdty	102010
GDA Comdty	10103010
GDEAY Comdty	10105010
GFA Comdty	10103030
GIA Comdty	10105010
GIA Index	509080
GJA Comdty	10105020
GJA Curncy	501010
GKA Comdty	101020
GKWA Comdty	101020
GMA Comdty	502020
GNA Comdty	10105010
GNA Index	503080
GOA Comdty	10105010
GPA Comdty	10105010
GPA Index	503080
GPPA Comdty	10105020
GRA Comdty	10105010
GSA Comdty	10103080
GTA Comdty	10105010
GUA Curncy	501010
GWPAY Comdty	10105020
GXGX Index	503080
H1A Comdty	10105010
H2A Comdty	10105010
H3A Comdty	10105010
H4A Comdty	10105010
HACA Comdty	103020
HADA Comdty	103020
HAEA Comdty	103020
HAOA Comdty	103020
HAPA Comdty	103020
HARA Comdty	103020
HASA Comdty	101010
HBA Comdty	101010
HBBA Comdty	10102050
HBDA Comdty	401020
HBWAW Comdty	10105010
HCA Index	503080
HCBA Comdty	10102050
HCTA Index	503080
HDAA Comdty	10105020
HDCA Comdty	401020
HDDA Comdty	101040
HDIA Comdty	101010
HDOA Comdty	10105030
HDPA Comdty	30601020
HDSA Comdty	103520
HEA Curncy	501010
HERA Comdty	103520
HEYA Comdty	101040
HFYA Comdty	502035
HGA Comdty	103010
HGA Index	503080
HGAA Comdty	103010
HGEA Comdty	103010
HGOA Comdty	103010
HGWA Comdty	103010
HHCA Index	503080
HHLA Comdty	10105020
HHPA Comdty	10105020
HHSA Comdty	10105020
HHTA Comdty	10105020
HHTA Index	503080
HHWA Comdty	10105030
HHYA Comdty	10105030
HIA Comdty	10105020
HIA Index	503080
HIAA Comdty	101010
HILA Comdty	10101080
HIOA Index	503080
HIWA Index	503080
HIYA Comdty	10105010
HJA Comdty	502020
HJAA Index	503080
HJBA Index	503080
HJCA Index	503080
HJDA Index	503080
HJEA Index	503080
HJIA Index	503080
HJLA Index	503080
HJOA Index	503080
HJPA Index	503080
HJRA Index	503080
HJSA Index	503080
HJTA Index	503080
HJWA Index	503080
HJYA Index	503080
HKA Comdty	10105010
HKA Index	503080
HKAA Index	503080
HKBA Index	503080
HKCA Comdty	103025
HKCA Index	503080
HKDA Comdty	103025
HKDA Index	503080
HKEA Comdty	103025
HKEA Index	503080
HKIA Index	503080
HKLA Index	503080
HKOA Comdty	103025
HKOA Index	503080
HKPA Comdty	103025
HKRA Comdty	103025
HKRA Index	503080
HKSA Index	503080
HKTA Index	503080
HKYA Index	503080
HLCA Comdty	103060
HLCA Index	503080
HLDA Comdty	103060
HLEA Comdty	103060
HLEA Index	503080
HLIA Index	503080
HLLA Comdty	10105010
HLOA Comdty	103060
HLPA Comdty	103060
HLRA Comdty	103060
HLSA Index	503080
HLTA Index	503080
HLWA Index	503080
HLYA Index	503080
HMA Comdty	10105010
HMAA Index	503080
HMBA Index	503080
HMDA Comdty	10103080
HMDA Index	503080
HMEA Index	503080
HMLA Index	503080
HMOA Index	503080
HMPA Index	503080
HMSA Index	503080
HMTA Index	503080
HMYA Comdty	10103050
HMYA Index	503080
HNA Comdty	10105010
HNCA Comdty	103040
HNDA Comdty	103040
HNEA Comdty	103040
HNOA Comdty	103040
HNPA Comdty	103040
HNRA Comdty	103040
HNSA Index	503080
HNTA Comdty	101020
HNTA Index	503080
HNWA Comdty	10105010
HNYA Comdty	101020
HNYA Index	503080
HOA Comdty	10103010
HOA Index	503080
HOBA Comdty	10101085
HOLA Comdty	10103010
HOOA Index	4040
HOPA Index	503080
HOTA Comdty	10103010
HOYA Comdty	10103010
HPA Comdty	10105010
HPCA Comdty	103010
HPDA Comdty	103010
HPEA Comdty	103010
HPLA Comdty	103010
HPOA Comdty	103010
HPPA Comdty	103010
HPRA Comdty	103010
HPWAW Comdty	10105020
HQAA Index	503080
HQBA Index	503080
HQDA Index	503080
HQIA Index	503080
HQLA Index	503080
HQOA Comdty	401020
HQOA Index	503080
HQRA Index	503080
HQTA Index	503080
HQWA Comdty	10105010
HQYA Index	503080
HRA Comdty	502020
HRA Curncy	501010
HRAA Comdty	101010
HRBA Index	503080
HRCA Comdty	103520
HRCA Index	503080
HRDA Index	503080
HRIA Index	503080
HRLA Index	503080
HRPA Comdty	103520
HRPA Index	503080
HRRA Curncy	501010
HRRA Index	503080
HRSA Index	503080
HRTA Comdty	10101080
HRTA Index	503080
HRWA Index	503080
HRYA Index	503080
HSCA Comdty	10105010
HSEA Comdty	103010
HSLA Comdty	10103080
HSSA Comdty	10105010
HSWA Comdty	10105010
HSYA Index	503080
HTCA Comdty	103050
HTDA Comdty	103050
HTEA Comdty	103050
HTOA Comdty	103050
HTPA Comdty	103050
HTRA Comdty	103050
HTSA Index	503080
HUA Index	503080
HUEA Comdty	10105010
HUSA Comdty	103520
HVA Comdty	10105010
HVCA Comdty	10105010
HVEA Comdty	401020
HVPA Comdty	401020
HVRA Comdty	10103030
HWAA Comdty	40101010
HWAA Index	503080
HWBAW Comdty	10105010
HWCA Comdty	40101010
HWDA Comdty	10101080
HWIA Index	503080
HWOA Index	503080
HWPAW Comdty	10105020
HWRA Index	503080
HWTA Comdty	101010
HXA Index	201030
HXCA Comdty	103030
HXDA Comdty	103030
HXEA Comdty	103030
HXOA Comdty	103030
HXPA Comdty	103030
HXRA Comdty	103030
HXSA Index	503080
HYCA Comdty	103020
HYDA Comdty	103020
HYDA Index	503010
HYEA Comdty	103020
HYOA Comdty	103020
HYPA Comdty	103020
HYRA Comdty	103020
HZA Comdty	10103010
I6A Comdty	10105030
I7A Comdty	1010503
I8A Comdty	10105030
I9A Comdty	10105030
IAA Comdty	10101085
IABA Comdty	207010
IACA Comdty	10104040
IAEA Comdty	10104040
IAOA Comdty	101020
IASA Comdty	102010
IATA Comdty	10103020
IBA Comdty	502020
IBA Index	503080
IBAA Index	503080
IBBA Index	502080
IBCA Comdty	103010
IBDA Comdty	10102030
IBDA Index	503020
IBEA Comdty	101010
IBRA Comdty	502020
IBSA Comdty	101010
IBWA Comdty	201010
IBYA Index	502080
ICA Comdty	10101085
ICDA Comdty	101040
ICPA Curncy	502020
ICTA Comdty	103530
IDA Comdty	102020
IDA Index	503080
IDDA Comdty	10103080
IDEA Comdty	10105010
IDEAY Comdty	10105010
IEA Comdty	10103040
IEAA Index	503080
IESA Comdty	10105020
IESA Index	503080
IETA Index	503080
IEWA Index	503080
IEYA Index	503080
IFBA Index	503080
IFDA Comdty	502010
IFEA Index	503080
IFPA Comdty	10102050
IGBA Comdty	102010
IGCA Comdty	102010
IGDA Comdty	102010
IGOA Comdty	502010
IGRA Comdty	502010
IGSA Comdty	502010
IGTA Comdty	401020
IGYA Comdty	102010
IHA Index	503080
IHAA Index	503080
IHBA Index	502080
IHDA Comdty	10105020
IHOA Comdty	10105030
IHWA Comdty	10103020
IIAA Comdty	10105030
IIBA Comdty	10105030
IICA Index	503080
IITAW Comdty	10105010
IIWAW Comdty	10105020
IJA Comdty	202020
IJEA Comdty	401020
IJTA Index	503080
IKA Comdty	502010
IKA Index	503080
IKBA Comdty	10101085
IKOAW Comdty	10105010
ILBA Comdty	502040
ILOA Comdty	10105030
ILPA Comdty	10105020
ILRA Comdty	10103020
IMA Index	503080
IMBA Comdty	10105010
IMBA Index	503080
IMCA Comdty	30602017
IMDA Index	503080
IMRA Comdty	30503020
INA Index	503080
INAA Curncy	501010
INBA Curncy	501010
INDA Curncy	501010
INLA Comdty	401010
INLA Curncy	501010
INOA Index	503080
INPA Curncy	501010
INRA Comdty	502030
INRA Curncy	501010
INSA Curncy	501010
INTA Curncy	501010
INTA Index	503020
INWA Comdty	502030
INWA Curncy	501010
INYA Curncy	501010
IOA Comdty	10105020
IOEA Comdty	103530
IORA Comdty	103530
IPAA Index	503080
IPBA Index	503080
IPEA Comdty	10105020
IPIA Comdty	10105010
IPLA Index	503080
IPPA Comdty	10105020
IPRA Comdty	10103020
IQBA Comdty	10105010
IQCA Index	503080
IQEA Comdty	10105020
IRA Comdty	502020
IRBA Comdty	207010
IRDA Curncy	501010
IREA Comdty	30503010
IRIA Comdty	201020
IRLA Comdty	201020
IRPA Curncy	501010
ISA Comdty	401050
ISA Curncy	501010
ISA Index	503080
ISDA Index	503020
ISIA Comdty	502010
ISLA Curncy	501010
ISRA Index	503080
ISWA Curncy	501010
ITA Index	503080
ITBA Index	502080
ITCA Index	503080
ITOA Comdty	502010
IUAA Index	503080
IUBA Index	503020
IUDA Comdty	102010
IUEA Index	503080
IUIA Index	503080
IULA Index	503080
IUPA Index	503080
IUSA Comdty	10103080
IUSA Curncy	501010
IUTA Index	503080
IUWA Index	503080
IUYA Index	503080
IVIA Curncy	501010
IVOA Curncy	501010
IVPA Curncy	501010
IVRA Curncy	501010
IVSA Curncy	501010
IVTA Curncy	501010
IVWA Curncy	501010
IWA Comdty	101020
IWPA Comdty	102040
IWPAW Comdty	10105020
IWWA Index	503080
IXAA Index	503080
IXCA Index	503080
IXDA Comdty	10105020
IXDA Index	503080
IXIA Index	503080
IXPA Index	503080
IXRA Index	503080
IXSA Index	503080
IXTA Index	503080
IXYA Index	503080
IYSA Comdty	10103080
IZRA Comdty	502030
J1A Curncy	501010
J2A Curncy	501010
J3A Curncy	501010
J4A Curncy	501010
J5A Curncy	501010
J5A Index	402010
J7A Index	503080
JAA Comdty	102030
JAA Index	503080
JAAA Comdty	10103060
JADA Curncy	501010
JASA Comdty	102020
JBA Comdty	502010
JBAA Comdty	10103060
JBBA Comdty	10105010
JBCA Comdty	10105010
JBLA Comdty	103020
JBOA Comdty	103520
JBPA Comdty	103520
JBRA Comdty	502020
JBSA Comdty	103020
JBTA Comdty	103020
JBWA Comdty	103020
JCA Comdty	201010
JCAA Comdty	101010
JCIA Comdty	20505040
JCOA Comdty	10105020
JCPA Comdty	10105030
JCRA Comdty	201010
JCSA Comdty	401050
JCTA Comdty	401020
JCYA Comdty	101010
JDAA Comdty	10102055
JEA Comdty	203570
JEA Curncy	501010
JEEA Comdty	10105010
JESA Comdty	10103080
JETA Comdty	10105010
JEWA Comdty	10105010
JEYA Comdty	10105010
JFA Index	503080
JFCA Comdty	10101085
JFOA Comdty	10102020
JFSA Comdty	103530
JFYA Comdty	502010
JGA Comdty	102010
JGIA Comdty	102010
JGLA Comdty	10102020
JGOA Comdty	102010
JGPA Comdty	102010
JGSA Index	503080
JGTA Comdty	102010
JGWA Comdty	401020
JGYA Comdty	502030
JHA Curncy	501010
JHTA Comdty	251030
JHTA Index	503080
JHYA Comdty	10102020
JIA Comdty	102020
JIBAW Comdty	10105010
JITA Comdty	10105010
JIWA Comdty	10105010
JIYA Comdty	10105010
JJA Comdty	502010
JJAA Comdty	502010
JJBA Comdty	502020
JKAA Comdty	10105010
JKBA Comdty	10105010
JKCA Comdty	10105010
JKDA Comdty	10105010
JKEA Comdty	10105010
JKLA Comdty	10102020
JKOA Comdty	10105020
JKOAW Comdty	10105010
JKRA Comdty	10105020
JKSA Comdty	10105020
JKTA Comdty	10105020
JKWA Comdty	10102020
JKWAQ Comdty	10102020
JKWAS Comdty	10102020
JKWAY Comdty	10102020
JKYA Comdty	10105010
JLA Comdty	102020
JLAA Comdty	10103020
JLDAW Comdty	10105020
JMA Comdty	102040
JMSA Comdty	201010
JMYA Index	503080
JNA Comdty	304027
JNDA Comdty	10101085
JNLA Comdty	401010
JOA Comdty	20551010
JOAA Index	502080
JODA Comdty	102010
JOEA Comdty	401020
JOTA Comdty	20551010
JOWA Comdty	10105010
JPAA Comdty	102020
JPBA Comdty	10105020
JPBA Curncy	501010
JPCA Comdty	10105020
JPCA Curncy	501010
JPEA Index	503080
JPEAW Comdty	10105010
JPIA Comdty	10105010
JPLA Comdty	10105010
JPOA Curncy	501010
JPPA Comdty	10105010
JPPA Curncy	501010
JPPA Index	503080
JPRA Curncy	501010
JPSA Comdty	10105010
JPWA Curncy	501010
JPWA Index	503080
JQAA Comdty	10105020
JQAAW Comdty	10105020
JQBA Comdty	10105020
JQCA Comdty	10105020
JQDA Comdty	10105020
JRTA Index	503080
JSA Comdty	202010
JSA Index	503080
JSAA Comdty	10103030
JSBA Index	503080
JSCA Comdty	103010
JSEA Index	503080
JSSA Comdty	102020
JUAA Comdty	10103030
JUBA Comdty	303050
JUCA Comdty	10105020
JULA Comdty	10105020
JUOA Comdty	10105020
JUPA Comdty	10105020
JUTA Comdty	10105010
JUWA Comdty	10105010
JVA Comdty	10103020
JVA Index	503080
JVIA Index	503030
JVPA Index	503080
JXA Comdty	10103030
JZLA Comdty	201020
K1A Curncy	501010
K2A Curncy	501010
K3A Curncy	501010
K4A Curncy	501010
K5A Comdty	10105020
K5A Curncy	501010
K6A Comdty	10105020
K9A Comdty	10103050
KAAA Comdty	502010
KAAA Curncy	501010
KABA Comdty	201030
KADA Comdty	401020
KASA Curncy	501010
KATA Curncy	501010
KAYA Index	503080
KCA Comdty	207010
KCPA Index	503080
KCSA Index	503080
KCTA Comdty	207010
KCWA Comdty	207010
KCYA Curncy	501010
KDDA Index	503080
KEA Comdty	502010
KECA Index	503080
KEEA Comdty	10104040
KEOA Curncy	501010
KEPA Curncy	501010
KESA Index	503080
KETA Comdty	201030
KETA Curncy	501010
KFEA Index	503080
KFIA Index	503080
KGA Comdty	202532
KGA Index	503080
KGCA Comdty	102010
KGDA Index	503080
KGLA Comdty	101010
KGOA Comdty	10105010
KGPA Comdty	10105020
KGRA Comdty	10105010
KGSA Comdty	10105020
KGSA Index	503080
KGTA Curncy	501010
KGWA Comdty	10105020
KGYA Comdty	10105010
KHAA Comdty	10105020
KHBA Comdty	101040
KHCA Comdty	10105010
KHCA Index	503080
KHDA Comdty	10105010
KHDA Index	503080
KHIA Comdty	10105010
KHIA Index	503080
KIA Comdty	10103060
KIA Curncy	501010
KIAA Comdty	10105010
KIBA Comdty	10105010
KICA Comdty	10105010
KICA Index	503080
KIRA Comdty	10105010
KISA Comdty	10105010
KITA Index	503080
KIWA Index	503080
KJA Curncy	501010
KJRA Index	503080
KJTA Curncy	501010
KKA Comdty	502020
KKOA Curncy	501010
KKPA Comdty	25401010
KKSA Index	503080
KLA Index	503080
KLAA Comdty	10103040
KLEA Comdty	10105010
KLPA Index	503080
KLTA Curncy	501010
KLYA Comdty	502010
KMA Comdty	10103030
KMA Index	503080
KMBA Curncy	501010
KMCA Curncy	501010
KMCA Index	503080
KMDA Curncy	501010
KMIA Comdty	101040
KMIA Curncy	501010
KMSA Index	503080
KNBA Index	503080
KNCA Comdty	502030
KNDA Comdty	502030
KNEA Index	503080
KNIA Index	503080
KNLA Comdty	401010
KNOA Curncy	501010
KNRA Index	503080
KNTA Curncy	501010
KOA Comdty	202530
KOA Curncy	501010
KOAA Comdty	502010
KOLA Curncy	501010
KOWA Curncy	501010
KOYA Comdty	502035
KPAA Comdty	101010
KPCA Comdty	10105020
KPYA Comdty	10105020
KQA Comdty	10103030
KQEA Comdty	10105010
KRA Comdty	502010
KRAA Curncy	501010
KRPA Curncy	501010
KRRA Curncy	501010
KRSA Index	503080
KRYA Index	503080
KSAA Comdty	502030
KSBA Comdty	502030
KSCA Comdty	502030
KSDA Comdty	502030
KSDA Index	503080
KSEA Comdty	502030
KSIA Comdty	502030
KSPA Comdty	303530
KSRA Comdty	10105010
KSRAQ Comdty	10105010
KSTA Index	503080
KTDA Comdty	25401016
KTSA Comdty	103530
KUDA Curncy	501010
KVA Comdty	25401010
KVYA Index	503030
KWA Comdty	201030
KWBAW Comdty	10105010
KWOA Comdty	201030
KWTA Curncy	501010
KWWA Comdty	201030
KXAA Comdty	502030
KXAA Curncy	501010
KXBA Comdty	502030
KXCA Comdty	502030
KXDA Comdty	502030
KXTA Comdty	502030
KXTA Index	509080
KXWA Comdty	502030
KXYA Comdty	502030
KYEA Comdty	10105010
KZYA Curncy	501010
L0A Comdty	102010
L1A Curncy	501010
L2A Curncy	501010
L3A Curncy	501010
L4A Curncy	501010
L5A Curncy	501010
L5A Index	402010
L7A Index	503080
LACA Comdty	103020
LADA Comdty	103020
LAEA Comdty	103020
LAFA Comdty	103020
LAOA Comdty	103020
LAPA Comdty	103020
LARA Comdty	103020
LASA Comdty	103010
LASA Curncy	501010
LAWA Comdty	103020
LBA Comdty	303015
LBA Index	503080
LBBA Comdty	502010
LBCA Index	503080
LBDA Comdty	502010
LBLA Index	503080
LBOA Index	503080
LBTA Index	503080
LBWA Index	503080
LBYA Index	503080
LCA Comdty	251010
LCCA Index	503080
LCOA Comdty	104020
LCSA Comdty	20259020
LCYA Comdty	103520
LCYA Index	503080
LDA Comdty	502020
LDA Index	402010
LDAA Comdty	401020
LDEA Comdty	101040
LDOA Comdty	101040
LDRA Comdty	10103080
LDTA Comdty	10103080
LDWA Comdty	101040
LEA Comdty	25401023
LEDA Comdty	502020
LEPA Comdty	401020
LERA Curncy	501010
LESA Comdty	401020
LETA Comdty	251010
LEYA Index	503080
LFAA Comdty	104030
LFOA Index	503080
LFPA Index	503080
LFTA Index	503080
LFWA Comdty	502010
LFWA Index	503080
LFYA Index	503080
LGAA Comdty	502010
LGBA Comdty	502010
LGBA Curncy	501010
LGCA Comdty	401010
LGDA Comdty	10102020
LGEA Comdty	30603025
LGIA Comdty	103030
LGOA Comdty	403010
LGOA Index	503080
LGPA Comdty	103040
LGSA Comdty	103020
LGSA Index	503080
LGWA Comdty	103060
LHA Comdty	251030
LHCA Comdty	10105010
LHDA Comdty	251030
LHPA Comdty	103520
LIBA Comdty	502030
LICA Comdty	502030
LIDA Comdty	502030
LIEA Comdty	502030
LIIA Comdty	502030
LILA Comdty	502030
LIOA Comdty	502030
LISA Comdty	202510
LITA Comdty	502030
LIWA Comdty	502030
LIYA Comdty	502030
LJA Index	503080
LJPA Curncy	501010
LKA Comdty	103025
LKCA Comdty	103025
LKDA Comdty	103025
LKEA Comdty	103025
LKOA Comdty	103025
LKOA Index	503010
LKPA Comdty	103025
LKRA Comdty	103025
LKWA Comdty	103025
LLA Comdty	103060
LLAA Comdty	10103030
LLCA Comdty	103060
LLDA Comdty	103060
LLEA Comdty	103060
LLOA Comdty	103060
LLPA Comdty	103060
LLRA Comdty	103060
LLSA Comdty	30601020
LLWA Comdty	103060
LLYA Comdty	10101080
LMA Index	402010
LMAA Comdty	25401023
LMOA Comdty	25401020
LMYA Comdty	104030
LNA Comdty	103040
LNBA Comdty	10102020
LNCA Comdty	103040
LNDA Comdty	103040
LNEA Comdty	103040
LNOA Comdty	103040
LNPA Comdty	103040
LNRA Comdty	103040
LNWA Comdty	103040
LOBA Comdty	502020
LOSA Comdty	10102050
LPA Comdty	103010
LPAA Comdty	10102050
LPCA Comdty	103010
LPDA Comdty	103010
LPEA Comdty	103010
LPLA Comdty	103530
LPOA Comdty	103010
LPPA Comdty	103010
LPRA Comdty	103010
LPSA Comdty	10101070
LPWA Comdty	103010
LPYA Comdty	103530
LQCA Comdty	103020
LRA Comdty	10103050
LRA Index	402010
LSA Comdty	251010
LSA Index	402010
LSAA Comdty	10102050
LSWA Index	101010
LTA Comdty	103050
LTCA Comdty	103050
LTCA Index	503080
LTDA Comdty	103050
LTEA Comdty	103050
LTOA Comdty	103050
LTPA Comdty	103050
LTRA Comdty	103050
LTWA Index	503080
LTYA Comdty	502010
LUPA Comdty	103020
LUSA Curncy	501010
LUWA Comdty	103020
LVA Comdty	10103050
LVAA Comdty	103520
LVTA Comdty	103020
LWA Comdty	10103050
LWLA Comdty	101040
LXA Comdty	103030
LXAA Comdty	10103040
LXAA Index	502080
LXCA Comdty	103030
LXDA Comdty	103030
LXEA Comdty	103030
LXLA Comdty	103520
LXOA Comdty	103030
LXPA Comdty	103030
LXRA Comdty	103030
LXWA Comdty	103030
LXYA Index	502080
LYA Comdty	103025
LYAA Comdty	10102050
LYCA Comdty	103025
LYDA Comdty	103025
LYEA Comdty	103025
LYOA Comdty	103025
LYPA Comdty	103025
LYRA Comdty	103025
LYWA Comdty	103025
LZA Index	402010
LZCA Comdty	401010
LZDA Comdty	403040
LZRAW Comdty	10105080
LZSA Comdty	502010
LZWA Index	503080
M1A Curncy	501010
M2A Curncy	501010
M3A Curncy	501010
M4A Curncy	501010
M5A Curncy	501010
M7A Comdty	202510
M9A Comdty	20209535
MAA Comdty	502010
MAAA Comdty	10102030
MACA Comdty	10103020
MADA Comdty	103020
MAEA Comdty	10102030
MALA Comdty	10101080
MALA Index	503080
MAPA Index	503080
MARA Index	503080
MASA Comdty	10102030
MATA Comdty	10103050
MBAA Comdty	10101080
MBAA Index	503080
MBBA Comdty	103530
MBCA Comdty	101010
MBCA Curncy	501010
MBCA Index	503080
MBEA Index	503080
MBIA Comdty	10102010
MBLA Comdty	103530
MBOA Comdty	101010
MBRA Comdty	101040
MBRA Index	503080
MBSA Curncy	501010
MBSA Index	509080
MBTA Comdty	10103050
MBWA Comdty	10102030
MBWA Curncy	501010
MBWA Index	503080
MBYA Comdty	10102030
MBYA Curncy	501010
MBYA Index	503080
MCBA Index	503080
MCCA Index	503080
MCDA Comdty	103010
MCDA Curncy	501010
MCOA Index	509080
MCPA Index	503080
MCRA Index	503080
MCWA Index	503080
MCYA Index	503080
MDAA Comdty	10105020
MDAA Index	503080
MDBA Comdty	101010
MDCA Comdty	10105020
MDOA Comdty	10105030
MDRA Curncy	501010
MDSA Comdty	202530
MDSA Index	503080
MDWA Index	509080
MDYA Curncy	501010
MEIA Comdty	30603025
MELA Comdty	202610
MEOA Curncy	501010
MERA Curncy	501020
MERA Index	503080
MESA Index	503080
META Index	503080
MEWA Comdty	10103050
MEWA Index	503080
MEYA Index	503080
MFA Comdty	502010
MFA Index	503080
MFAA Index	503080
MFBA Comdty	502010
MFBA Index	503080
MFCA Index	503080
MFDA Comdty	10103050
MFEA Comdty	101040
MFEA Index	503080
MFIA Comdty	10104020
MFLA Comdty	10104020
MFLA Index	503080
MFOA Index	503080
MFPA Comdty	10103050
MFPA Index	503080
MFRA Comdty	10103050
MFSA Index	503080
MFTA Index	503080
MFWA Comdty	101040
MFWA Index	509080
MFYA Index	509080
MGA Comdty	502010
MGA Index	402010
MGAA Index	503080
MGBA Comdty	10103080
MGCA Comdty	102010
MGEA Comdty	10103020
MGIA Comdty	102010
MGLA Index	503080
MGPA Comdty	101020
MGSA Index	503080
MGYA Index	503080
MHA Comdty	502010
MHBA Comdty	10103040
MHCA Comdty	103010
MHCA Index	503080
MHEA Comdty	10103050
MHOA Comdty	10103040
MHOA Index	503080
MHSA Index	503080
MHTA Comdty	30603010
MHWA Index	503080
MHYA Curncy	501020
MIDA Index	503080
MIEA Comdty	201010
MIPA Index	503080
MIRA Curncy	501010
MIWA Comdty	30603020
MJAA Comdty	102030
MJBA Comdty	502010
MJCA Comdty	10103080
MJEA Comdty	10102030
MJEA Index	503080
MJOA Index	503080
MJPA Comdty	103020
MJSA Index	503080
MJTA Comdty	10103060
MJWA Index	503080
MKBA Comdty	509090
MKCA Comdty	201030
MKEA Comdty	10101085
MKIA Index	503080
MKLA Comdty	25401010
MKPA Comdty	25401010
MLEA Index	503080
MLIA Index	503080
MLLA Index	503080
MLWA Index	503080
MLYA Index	503080
MMAA Comdty	10103060
MMBA Comdty	101020
MMCA Comdty	10105010
MMCA Index	503010
MMEA Index	503080
MMIA Comdty	10103050
MMIA Index	503080
MMLA Index	503080
MMOA Comdty	10105020
MMOA Index	503080
MMPA Index	503080
MMRA Comdty	25401013
MMRA Index	503080
MMSA Index	503080
MMTA Index	503080
MMWA Index	503080
MNAA Comdty	10103080
MNBA Comdty	10102030
MNBA Index	503080
MNCA Comdty	10103060
MNDA Comdty	10105020
MNDA Index	503020
MNIA Comdty	10103020
MNIA Index	503080
MNLA Comdty	101020
MNOA Comdty	10105030
MNSA Comdty	10103050
MNTA Index	503080
MNWA Index	503080
MOA Comdty	403010
MOAA Comdty	101010
MOBA Comdty	10103060
MODA Comdty	10105030
MORA Comdty	10105030
MOTA Comdty	403010
MPA Curncy	501010
MPBA Comdty	10103040
MPCA Comdty	502035
MPDA Comdty	10105020
MPEA Index	503080
MPIA Index	503080
MPOA Index	503080
MPPA Index	503080
MPRA Comdty	10105020
MPSA Comdty	10102030
MPTA Curncy	501010
MPTA Index	503080
MPWA Index	503080
MQAA Comdty	10101085
MQAA Index	503080
MQBA Comdty	10103040
MQBA Index	503080
MQDA Index	503080
MQIA Index	503080
MQLA Index	503080
MQOA Index	503080
MQPA Index	503080
MQRA Index	503080
MQWA Index	503080
MRAA Index	503080
MRDA Index	503080
MREA Comdty	502020
MRIA Index	503080
MRLA Index	503080
MROA Comdty	10103020
MROA Index	503080
MRPA Index	503080
MRSA Comdty	10105010
MRTA Comdty	502020
MRWA Index	503080
MRYA Index	503080
MSAA Comdty	10103050
MSBA Comdty	401050
MSDA Comdty	10105020
MSIA Comdty	202010
MSLA Index	503080
MSOA Comdty	10105030
MSSA Curncy	501010
MTAA Index	509080
MTBA Index	503080
MTCA Comdty	101040
MTEA Index	503080
MTIA Index	503080
MTLA Comdty	30603010
MTOA Comdty	10103050
MTPA Index	503080
MTRA Comdty	10103080
MTTA Comdty	502020
MTWA Comdty	201030
MTWA Index	503080
MUBA Index	503080
MUCA Comdty	101010
MUDA Comdty	10103080
MUEA Index	503080
MUIA Index	503080
MUOA Index	503080
MUPA Index	503080
MURA Index	503080
MUWA Index	503080
MUYA Index	503080
MVAA Index	503080
MVCA Index	503080
MVLA Index	503080
MVPA Comdty	30603020
MVRA Comdty	101010
MVYA Index	503080
MWA Comdty	201030
MWBA Comdty	10101080
MWBA Index	503080
MWCA Index	503080
MWDA Index	503080
MWEA Index	503080
MWIA Comdty	101010
MWOA Index	503080
MWRA Index	503080
MWTA Index	503080
MWWA Index	503080
MWYA Index	503080
MXA Index	503080
MXAA Comdty	101010
MXAA Index	503080
MXBA Curncy	501010
MXCA Curncy	501010
MXDA Comdty	101010
MXDA Index	503080
MXIA Comdty	101010
MXOA Index	503080
MXPA Index	503080
MYAA Index	503080
MYBA Comdty	103560
MYCA Index	503080
MYIA Comdty	502010
MYLA Index	503080
MYOA Comdty	502010
MYRA Comdty	101040
MYTA Index	503080
MZBA Comdty	403010
MZDA Comdty	103030
MZEA Index	503080
MZPAM Comdty	10105010
MZPAY Comdty	10105010
MZRA Comdty	502010
MZSA Index	503080
MZTA Comdty	10102050
MZTA Index	503080
MZWA Comdty	10105010
MZWAQ Comdty	10105010
MZWAY Comdty	10105010
MZYA Index	503080
N1A Comdty	10105020
N1A Curncy	501010
N2A Comdty	10105020
N2A Curncy	501010
N3A Comdty	10105020
N3A Curncy	501010
N4A Comdty	10105020
N4A Curncy	501010
N5A Curncy	501010
N8A Index	503080
NAA Index	402010
NAEA Comdty	10105010
NCGA Comdty	10102050
NCGAQ Comdty	10102050
NCGAS Comdty	10102050
NCGAY Comdty	10102050
NEA Comdty	10105020
NECA Comdty	10105010
NECAY Comdty	10105010
NELAY Comdty	10105010
NFA Index	402010
NGA Comdty	101020
NGWA Comdty	101020
NHA Index	503080
NIA Index	503080
NJA Curncy	501010
NKA Comdty	10103050
NKA Index	503080
NLA Index	503080
NMA Index	503080
NMEA Comdty	10105010
NMEAQ Comdty	10105010
NMEAY Comdty	10105010
NOA Comdty	10103040
NOA Curncy	501010
NOA Index	503080
NOEA Comdty	10105010
NOEAQ Comdty	10105010
NOEAY Comdty	10105010
NQA Index	503080
NRA Comdty	101020
NRA Index	503080
NSA Comdty	10103050
NSEAY Comdty	10105010
NTEA Comdty	10105010
NTEAQ Comdty	10105010
NTEAY Comdty	10105010
NUEA Comdty	10105010
NUEAQ Comdty	10105010
NUEAY Comdty	10105010
NVA Comdty	10103010
NVA Curncy	501010
NXA Comdty	101040
NXA Index	503080
NZA Index	503080
O A Comdty	201050
O1A Index	503080
O2A Comdty	10105020
O2A Index	503080
O4A Index	503080
O5A Index	503080
O9A Comdty	103020
OAA Comdty	502010
OADA Comdty	502020
OASA Curncy	501010
OATA Comdty	502010
OBBA Comdty	10103020
OBCA Comdty	502020
OBDA Comdty	502020
OBRA Curncy	501010
OCAA Comdty	502020
OCCA Comdty	10102040
OCDA Comdty	502020
OCEA Comdty	401020
OCLA Index	503080
OCRA Comdty	10101085
OCTA Curncy	501010
ODA Comdty	502020
ODAA Index	503080
ODBA Comdty	202510
ODCA Comdty	201010
ODDA Comdty	502020
ODEA Comdty	202610
ODLA Index	503020
ODSA Comdty	202010
ODWA Comdty	201030
OEA Comdty	502010
OEIA Index	503080
OELA Comdty	10103080
OEOA Comdty	401050
OEPA Comdty	401050
OETA Index	503080
OFCA Index	503080
OFPA Comdty	401010
OFRA Comdty	10105030
OFSA Comdty	401010
OFTA Index	503080
OGA Index	503080
OGCA Comdty	10102030
OGEA Comdty	10103040
OGIA Comdty	10103040
OGIA Index	503080
OGLA Comdty	10103040
OGOA Index	503080
OGPA Comdty	101010
OGRA Comdty	10103040
OGSA Comdty	10103040
OGWA Index	503080
OGYA Comdty	10103040
OGYA Index	503080
OHAA Index	503080
OHBA Index	503080
OHCA Index	503080
OHDA Index	503080
OHEA Index	503080
OHIA Index	503080
OHLA Index	503080
OHOA Index	503080
OHPA Index	503080
OHRA Index	503080
OHTA Index	503080
OIA Comdty	502010
OIA Index	503080
OIDA Comdty	502020
OIEA Index	10103050
OILA Comdty	101010
OJDA Comdty	502020
OKA Comdty	502010
OKDA Comdty	502020
OLAA Comdty	25401013
OLEA Comdty	20253110
OLTA Comdty	10103080
OMA Comdty	502035
OMA Index	503080
OMAA Comdty	25401017
OMAA Index	503080
OMCA Comdty	10105030
OMDA Comdty	502020
OMDA Index	9080
OMOA Index	503080
OMPA Comdty	20305010
OMRA Comdty	25401013
OMSA Comdty	202010
OMTA Index	503080
OMWA Index	503080
ONDA Comdty	502020
ONLA Comdty	20253110
ONSA Comdty	502035
OOCA Comdty	101010
OODA Comdty	101010
OOEA Comdty	101010
OOPA Comdty	10101085
OOTA Comdty	301010
OPA Comdty	103010
OPEA Comdty	103020
OPPA Comdty	102010
OPRA Comdty	10105020
OPSA Comdty	20253110
OQA Index	503080
OQAA Comdty	101010
OQBA Comdty	101010
ORA Comdty	304025
ORIA Comdty	502035
OSA Curncy	501010
OSAA Comdty	101020
OSBA Comdty	101020
OSBA Index	503080
OSCA Comdty	103530
OSYA Comdty	101020
OTA Index	503080
OUPA Index	503080
OVDA Comdty	10105030
OWPA Index	503080
OXA Comdty	40101020
OXDA Index	503020
OXOA Index	503080
OYA Comdty	40101010
OYPA Comdty	103025
OZA Comdty	102010
OZBG Comdty	102010
P A Comdty	502030
P1A Curncy	501010
P2A Curncy	501010
P3A Curncy	501010
P4A Curncy	501010
P5A Curncy	501010
P6A Comdty	102010
P7A Comdty	301010
P8A Comdty	20259550
PAA Comdty	102040
PACA Comdty	10105030
PAEA Comdty	102040
PALA Comdty	202530
PAOA Comdty	10105030
PARA Comdty	10105020
PASA Comdty	10105020
PASA Curncy	501010
PBA Index	201010
PBAA Comdty	10105030
PBOA Comdty	10105030
PBWA Comdty	10105020
PCBA Comdty	10105010
PCBAQ Comdty	10105010
PCBAY Comdty	10105010
PCOA Comdty	10105030
PCPA Comdty	10105020
PCSA Comdty	102040
PCWA Comdty	10102010
PDAA Comdty	10105030
PDCA Comdty	502035
PDDA Comdty	502035
PDOA Comdty	10105030
PDPA Comdty	10105020
PDSA Comdty	10103040
PDWA Index	503080
PDYA Comdty	201020
PEA Comdty	102010
PEA Curncy	501010
PEBA Comdty	10105010
PEBAW Comdty	10105010
PEDA Comdty	103020
PELA Comdty	10105010
PELAY Comdty	10105010
PEOA Comdty	10105030
PEPA Comdty	10105020
PEPAW Comdty	10105010
PEYA Comdty	401020
PFA Index	503080
PFBA Comdty	401020
PFCA Comdty	30602020
PFLA Index	503080
PFPA Comdty	20253110
PFRA Comdty	30602020
PFSA Comdty	401020
PFTA Comdty	10102050
PFTAQ Comdty	10102050
PFTAS Comdty	10102050
PFTAY Comdty	10102050
PGA Comdty	10103020
PGAA Comdty	101020
PGBA Comdty	10102050
PGBAW Comdty	10102050
PGDA Comdty	10103040
PGEA Comdty	10103020
PGIA Comdty	10103040
PGPA Comdty	10102030
PGRA Comdty	10102030
PGSA Comdty	102010
PGTA Comdty	10103020
PGWA Comdty	10103020
PGYA Comdty	102080
PHBA Comdty	10105010
PHBAQ Comdty	10105010
PHEA Index	503080
PHIA Index	503080
PHPA Comdty	10105020
PHPAQ Comdty	10105020
PHPAY Comdty	10105020
PHWA Comdty	102030
PIRA Index	503080
PJA Curncy	501010
PJAA Comdty	10105020
PJBA Comdty	10105030
PJCA Comdty	10105020
PJDA Comdty	10105030
PJEA Comdty	10105020
PJIA Comdty	10103060
PJLA Comdty	10105030
PJOA Comdty	10105020
PJPA Comdty	10105020
PJRA Comdty	10103060
PJWA Comdty	10105030
PKA Comdty	502030
PKAA Comdty	401020
PKCA Curncy	501010
PKRA Comdty	202050
PKSA Comdty	502030
PLA Comdty	102030
PLA Index	202010
PLAA Comdty	102030
PLCA Curncy	501010
PLDA Comdty	102040
PLEA Comdty	102040
PLEA Curncy	501010
PLPA Comdty	102030
PLSA Comdty	10105020
PLTA Comdty	102030
PMAA Comdty	25401023
PMBA Comdty	10103050
PMCA Index	503080
PMDA Comdty	502035
PMOA Index	503080
PMSA Comdty	10105020
PMTA Comdty	30603010
PMWA Comdty	10102030
PMYA Comdty	30603010
PNA Curncy	501010
PNCA Comdty	10105020
PNDA Comdty	10105020
PNGA Comdty	10102050
PNGAQ Comdty	10102050
PNGAS Comdty	10102050
PNGAY Comdty	10102050
PNLA Comdty	10102030
PNLA Curncy	501010
PNOA Comdty	10105030
PNRA Comdty	10105020
PNTA Comdty	10105020
PNWA Comdty	10102030
POAA Comdty	10105030
POCA Comdty	206055
POEAW Comdty	10105030
POIA Comdty	202530
POLA Comdty	30601020
POPA Comdty	10105020
PORA Comdty	10105030
POSA Comdty	10105030
PPA Curncy	501010
PPA Index	503080
PPBA Comdty	10105020
PPCA Comdty	10102030
PPDA Comdty	502035
PPLA Comdty	10105030
PPLA Curncy	501010
PPOA Comdty	10105030
PPPA Comdty	10105020
PPTA Index	503080
PPWA Comdty	30601030
PPXA Comdty	10105020
PPYA Comdty	10105020
PQPA Comdty	10103010
PQRA Comdty	102080
PQWA Index	503080
PQYA Comdty	10105020
PRAA Curncy	501010
PRCA Comdty	253030
PRPA Comdty	10102030
PSA Curncy	501010
PSAA Comdty	10102030
PSBA Comdty	10105010
PSEA Comdty	10105020
PSFA Comdty	10105010
PSIA Comdty	10103050
PSLA Comdty	10103050
PSPA Comdty	10105020
PSRA Comdty	10102050
PSRAQ Comdty	10102050
PSRAS Comdty	10102050
PSRAY Comdty	10102050
PSTA Comdty	10103050
PSYA Comdty	10105010
PSYAQ Comdty	10105010
PSYAY Comdty	10105010
PTA Comdty	30602030
PTA Index	503080
PTCA Comdty	10105020
PTCAQ Comdty	10105020
PTPA Index	503080
PTTA Comdty	10102050
PTTAQ Comdty	10102050
PTTAS Comdty	10102050
PTTAY Comdty	10102050
PUA Comdty	101020
PULA Comdty	103020
PUOA Comdty	20253110
PUWA Index	503080
PVCA Comdty	30601010
PVDA Comdty	10105020
PVPA Comdty	102010
PVSA Comdty	401020
PVWA Comdty	102020
PVYA Comdty	10105020
PWA Comdty	202010
PWBAW Comdty	10105010
PWOA Comdty	10105030
PWRA Index	503080
PXA Comdty	1010503
PXBA Comdty	10102050
PXBAQ Comdty	10102050
PXBAS Comdty	10102050
PXBAY Comdty	10102050
PXCA Comdty	10103050
PXDA Comdty	10103050
PXEA Comdty	10105010
PXIA Comdty	30602020
PXOA Comdty	10103050
PXRA Index	503080
PXSA Comdty	30602020
PYLA Comdty	30601030
PZAA Index	503010
PZOA Comdty	10105030
PZPA Comdty	10105020
Q6A Comdty	206045
Q8A Comdty	202010
QAAA Comdty	10103040
QARA Index	503080
QBA Index	503080
QBAA Comdty	10105010
QBEA Comdty	10105010
QBRA Comdty	101010
QBSA Index	503080
QCA Comdty	207020
QCA Index	503080
QCAA Index	503080
QCCA Comdty	207020
QCEA Comdty	207010
QCOA Comdty	103010
QCRA Comdty	201010
QCTA Comdty	301010
QCYA Comdty	301010
QDAA Comdty	401020
QDSA Comdty	401020
QEA Index	503080
QEAA Comdty	207020
QETA Comdty	207020
QFCA Index	503080
QFSA Comdty	502010
QGAA Comdty	10103020
QGDA Comdty	502010
QGEA Comdty	502010
QGLA Comdty	102010
QGSA Comdty	102010
QGTA Comdty	502010
QHOA Comdty	10103010
QKA Comdty	201030
QKA Index	503080
QLLA Comdty	10105010
QLPA Comdty	10105020
QMAA Comdty	10105020
QNAA Index	503080
QNTA Comdty	101020
QNTA Index	503080
QOA Index	503080
QPCA Comdty	103530
QPDA Comdty	102040
QPLA Comdty	102030
QQA Comdty	10105020
QQTA Comdty	10102050
QQYA Comdty	10105020
QRA Comdty	10102050
QRA Index	503080
QRBA Comdty	101040
QRDA Comdty	10105010
QRLA Comdty	10105010
QROA Comdty	10105010
QRPA Comdty	10105010
QSA Comdty	10103040
QSBA Comdty	202010
QSIA Comdty	102020
QSRA Comdty	20301010
QSTA Comdty	10103040
QSYA Comdty	10105020
QTA Index	503080
QTTA Comdty	10102050
QUA Comdty	10103020
QUAA Curncy	501010
QUBA Comdty	10105010
QUPA Comdty	10105020
QWA Comdty	20305010
QWBAW Comdty	10105010
QWPAW Comdty	10105020
QXA Comdty	10103040
QXRA Index	503080
QZA Index	503080
QZTA Comdty	10102050
R2A Curncy	501010
R6A Comdty	10101085
RAA Comdty	502032
RAA Curncy	501010
RACA Curncy	501010
RADA Comdty	401020
RADA Curncy	501010
RAEA Comdty	401020
RAEA Curncy	501010
RALA Comdty	103020
RAPA Comdty	401020
RARA Index	503080
RASA Comdty	401020
RASA Curncy	501010
RBBA Comdty	10103020
RBEA Index	503080
RBTA Comdty	103520
RBYA Index	503080
RCBA Comdty	502010
RCPA Comdty	502010
RCRA Comdty	101010
RDBA Comdty	502010
RDCA Comdty	103520
RDIA Index	503020
RDRA Index	503080
REA Comdty	10101080
REA Index	503080
REBA Comdty	502010
REBA Curncy	501010
REEA Comdty	202530
REIA Index	503080
RERA Curncy	501010
RESA Curncy	501010
RETA Curncy	501010
REWA Comdty	10105020
RFA Comdty	10103020
RFA Curncy	501010
RFA Index	503080
RFAA Comdty	502010
RFCA Index	503080
RFDA Index	503080
RFEA Index	503080
RFLA Comdty	103050
RFPA Index	503080
RFSA Comdty	401020
RFYA Index	503080
RGA Comdty	304027
RGLA Index	503080
RGOA Comdty	102080
RGRA Index	503080
RGYA Index	503080
RHA Index	503080
RHAA Curncy	501010
RHBA Comdty	502010
RHBA Curncy	501010
RHCA Curncy	501010
RHRA Comdty	10103080
RHSA Index	503080
RIAA Comdty	10103080
RIBA Comdty	502010
RIDA Comdty	10105020
RIEA Index	503080
RIGA Comdty	10105010
RIGAQ Comdty	10105010
RIGAY Comdty	10105010
RIOA Comdty	10105030
RJA Comdty	401050
RJIA Comdty	403010
RJSA Comdty	502010
RKA Comdty	101020
RKBA Comdty	502010
RLA Comdty	101010
RLBA Comdty	502010
RLBA Index	503080
RLTA Comdty	10103020
RLWA Comdty	101040
RMBA Comdty	502010
RMDA Comdty	502010
RMEA Index	503080
RMIA Comdty	10103050
RMLA Comdty	10103050
RMPA Comdty	10103080
RMYA Comdty	10103050
RNA Comdty	101010
RNAA Comdty	502010
RNBA Comdty	502010
RNDA Comdty	401020
RNSA Index	502010
RNYA Comdty	10105010
ROAA Comdty	502010
ROCA Comdty	103520
ROOA Curncy	501010
ROSA Index	503010
RPA Comdty	10101080
RPA Curncy	501010
RPLA Comdty	103040
RPWA Comdty	502010
RQAA Comdty	502010
RQWA Comdty	101040
RQYA Comdty	10105010
RRA Comdty	201020
RRAA Comdty	502010
RRDA Index	509080
RROA Comdty	202520
RRPA Comdty	202620
RRTA Comdty	10105030
RRTA Index	503080
RSA Comdty	202020
RSBA Curncy	501010
RSCA Curncy	501010
RSDA Comdty	103520
RSDA Curncy	501010
RSEA Comdty	502010
RSEA Curncy	501010
RSIA Curncy	501010
RSLA Curncy	501010
RSOA Comdty	202020
RSPA Curncy	501010
RSSA Index	503080
RSTA Comdty	202020
RSWA Index	503080
RSYA Comdty	10105010
RSYA Curncy	501010
RTA Comdty	304027
RTAA Curncy	501010
RTBA Index	503080
RTDA Index	503080
RTPA Comdty	10105020
RTWA Comdty	10105020
RUA Curncy	501010
RUCA Comdty	103010
RUCA Index	503080
RUDA Comdty	304027
RUOA Index	503080
RUPA Curncy	501010
RUSA Curncy	501010
RUWA Index	503080
RVA Comdty	203570
RVAA Comdty	502010
RVCA Comdty	103060
RVDA Comdty	10103080
RVIA Index	503030
RVPA Index	503080
RVRA Index	503080
RVWA Comdty	103030
RVYA Comdty	10105010
RWA Comdty	502030
RWBA Comdty	303050
RWBAW Comdty	10105010
RWEA Comdty	10101085
RWIA Comdty	10101085
RWPAW Comdty	10105020
RWWA Comdty	10101085
RXA Comdty	502010
RXAA Curncy	501010
RXBA Curncy	501010
RXDA Index	503080
RXIA Index	503080
RXWA Comdty	502010
RYA Comdty	40101010
RYA Curncy	501010
RYAA Comdty	10103020
RZAA Comdty	502010
RZAA Index	503080
RZDA Curncy	501010
RZIA Index	503080
RZRA Comdty	502020
S1A Index	503080
S4A Comdty	103040
SAA Comdty	10102050
SAA Index	201030
SAAA Comdty	20301010
SABA Comdty	10103050
SAEA Comdty	401020
SAIA Comdty	102020
SAPA Comdty	401020
SARA Comdty	202010
SARA Index	503080
SATA Comdty	101010
SAWA Comdty	202510
SAYA Comdty	202610
SBA Comdty	20301010
SBA Index	201030
SBIA Comdty	10105010
SBLA Curncy	501010
SBSA Index	503010
SBTA Comdty	20301010
SBWA Comdty	202010
SCA Curncy	501010
SCA Index	503080
SCAA Index	503080
SCIA Comdty	502030
SCLA Comdty	10103050
SCOA Comdty	103530
SCPA Comdty	101010
SCRA Comdty	103530
SCTA Index	503080
SCWA Comdty	103530
SCYA Index	503080
SDA Curncy	501010
SDA Index	503080
SDBA Comdty	10103040
SDEA Curncy	501010
SDIA Index	503080
SDPA Index	503080
SDRA Comdty	10105020
SDWA Curncy	501010
SDWA Index	503020
SDYA Comdty	10103080
SEA Curncy	501010
SEAA Comdty	502035
SEPA Index	503080
SERA Comdty	502035
SESA Index	509080
SEWA Curncy	501010
SEYA Comdty	502030
SFA Comdty	203050
SFA Curncy	501010
SFIA Comdty	502035
SFRA Comdty	502035
SGA Curncy	501010
SGA Index	503080
SGEA Comdty	10105010
SGIA Comdty	10103080
SGLA Index	509080
SGOA Comdty	102010
SGPA Index	509080
SGSA Index	503010
SHA Comdty	202510
SHAA Comdty	301010
SHBA Index	503080
SHDA Curncy	501010
SHEA Comdty	102010
SHEA Index	503080
SHIA Comdty	102010
SHIA Index	503080
SHLA Index	503080
SHPA Comdty	103040
SHRA Comdty	103535
SHRA Index	503080
SHSA Index	503080
SHWA Index	503080
SHYA Index	503080
SICA Comdty	10103050
SICA Index	503080
SIDA Comdty	10103080
SIDA Curncy	501010
SIEA Comdty	401050
SIEA Index	503080
SIOA Comdty	102020
SIOA Index	503080
SIPA Comdty	10102050
SIPA Index	503080
SIRA Curncy	501010
SIWA Comdty	102020
SIYA Comdty	10103050
SIYA Index	503080
SJA Comdty	20301010
SJA Curncy	501010
SJAA Comdty	10103020
SJAA Index	503080
SJBA Comdty	10103080
SJBA Index	503080
SJCA Comdty	202010
SJDA Comdty	10101085
SJDA Index	503080
SJEA Comdty	10103080
SJEA Index	503080
SJIA Index	503080
SJLA Comdty	10103020
SJLA Index	503080
SJOA Comdty	10105010
SJOA Index	503080
SJPA Comdty	101020
SJPA Index	503080
SJRA Index	503080
SJSA Index	503080
SJTA Comdty	10105020
SJTA Index	503080
SJWA Index	503080
SJYA Index	503080
SKLA Comdty	10105010
SKLA Index	503080
SKTA Comdty	10105010
SKWA Comdty	10105010
SKYA Comdty	10105010
SLBA Index	503080
SLDA Index	503080
SLIA Index	503080
SLLA Comdty	10105010
SLSA Comdty	10103050
SLYA Comdty	102020
SMA Comdty	202610
SMA Index	503080
SMAA Comdty	10103020
SMAA Index	503080
SMBA Comdty	10103020
SMDA Curncy	501010
SMDA Index	503020
SMIA Index	503080
SMLA Comdty	10103080
SMWA Comdty	25401023
SNA Comdty	102020
SNDA Curncy	501010
SNEA Comdty	403040
SNEA Curncy	501010
SOEA Comdty	502035
SOLA Index	503080
SOOA Comdty	502035
SOTA Comdty	502035
SPAA Comdty	502010
SPDA Index	503080
SPEA Comdty	10105030
SPIAW Comdty	10105010
SPLA Comdty	10103050
SPLA Curncy	501010
SPLA Index	503080
SPOA Comdty	502010
SPPA Comdty	10103050
SPTA Comdty	502010
SPYA Comdty	10105020
SQAA Comdty	10105010
SQAA Curncy	501010
SQAAW Comdty	10105010
SQDA Comdty	10105010
SQDA Curncy	501010
SQDA Index	503080
SQDAW Comdty	10105020
SQEA Curncy	501010
SQIA Index	503030
SQLA Index	503030
SQYA Comdty	10105020
SRA Comdty	202010
SRAA Comdty	502035
SRAA Index	503080
SRBA Comdty	304025
SRDA Comdty	502035
SRDA Index	503080
SREA Comdty	102020
SRIA Index	503080
SRLA Comdty	502035
SRPA Comdty	10105020
SRRA Comdty	502035
SRSA Comdty	202010
SRTA Index	503080
SRWA Comdty	502035
SSOA Comdty	502035
SSWA Index	101010
SSYA Comdty	502035
SSYA Index	503080
STA Index	503080
STAA Index	503080
STBA Index	503080
STCA Index	503080
STDA Comdty	10103080
STDA Index	503080
STEA Index	503080
STLA Index	503080
STSA Index	503080
STWA Comdty	102020
STWA Index	503080
STYA Index	503080
SUA Comdty	20209510
SUA Index	503080
SUCA Comdty	101040
SUPA Comdty	401020
SUSA Index	503080
SVAA Comdty	503080
SVDA Comdty	401020
SVEA Comdty	401020
SWA Index	503080
SWBAW Comdty	10105010
SWCA Comdty	502010
SWCA Curncy	501010
SWDA Comdty	502035
SWOA Comdty	502010
SWOA Curncy	501010
SWRA Curncy	501010
SWTA Comdty	502035
SWTA Index	503080
SWWA Index	503080
SWYA Comdty	10105010
SXA Index	503080
SXCA Index	503080
SXDA Index	503080
SXEA Index	503080
SXIA Index	503080
SXOA Index	503080
SXPA Index	503080
SXRA Index	503080
SXTA Index	503080
SXYA Comdty	202010
SYA Curncy	501010
SYRA Comdty	30602017
SZA Comdty	403020
SZAA Comdty	502035
SZEA Index	503080
SZOA Index	503080
T A Comdty	502030
T2A Index	503080
TAA Index	503080
TAAA Comdty	10105020
TABA Comdty	10105020
TACA Comdty	10105020
TADA Comdty	10105020
TAEA Comdty	10105030
TAIA Comdty	10105030
TALA Comdty	10105030
TAOA Comdty	10105030
TASA Comdty	102010
TASA Curncy	501010
TATA Index	503080
TAWA Comdty	102020
TAYA Comdty	103010
TBA Index	503080
TBBA Comdty	502020
TBEA Comdty	10105010
TBLA Comdty	502010
TBOA Comdty	502010
TCAA Comdty	40101020
TCDA Comdty	40101020
TCEA Comdty	40101020
TCLA Comdty	40101020
TCOA Comdty	101010
TCPA Comdty	40101020
TCWA Comdty	40101020
TDAA Comdty	40101010
TDBA Comdty	40101010
TDCA Comdty	502010
TDDA Comdty	40101010
TDTA Comdty	40101010
TEA Index	503080
TECA Comdty	502010
TEIA Comdty	502020
TERA Curncy	501010
TESA Index	503080
TFCA Comdty	502010
TFEA Comdty	251010
TFOA Comdty	201020
TFPA Index	503080
TFSA Comdty	502010
TFSA Index	503080
TFTA Comdty	502010
TGAA Comdty	102010
TGBA Comdty	102010
TGCA Comdty	102010
TGDA Comdty	102010
TGSA Comdty	102020
THA Index	503080
THAA Index	503080
THBA Comdty	10102050
THEA Comdty	30603020
THLA Comdty	10103040
THRA Comdty	10103020
TIDA Comdty	401020
TIIA Comdty	502035
TIOA Comdty	103530
TJBA Comdty	40101010
TJIA Index	503080
TJLA Comdty	10101080
TJRA Comdty	304027
TKOA Comdty	40101020
TKPA Index	503080
TKTA Comdty	10102050
TLAA Index	503080
TLCA Curncy	501010
TLEA Comdty	502020
TMA Comdty	101040
TMAA Comdty	101010
TMBA Comdty	502010
TMCA Comdty	101010
TMDA Comdty	102010
TMIA Index	503080
TMPA Comdty	101010
TMRA Comdty	10102050
TMRA Curncy	501010
TNDA Index	503080
TNRA Index	503080
TNSA Comdty	103520
TNSA Index	503080
TNWA Comdty	502020
TNYA Comdty	502010
TOA Comdty	101010
TOAA Comdty	103020
TOBA Comdty	502010
TOCA Comdty	104020
TODA Comdty	103025
TOEA Comdty	103030
TOLA Comdty	103025
TOPA Comdty	103060
TORA Comdty	502020
TOSA Comdty	103050
TOTA Comdty	103040
TPA Index	503080
TPAA Comdty	10103080
TPBA Index	503080
TPCA Index	503080
TPPA Comdty	10103080
TPRA Comdty	10105010
TPRA Index	503080
TPRAQ Comdty	10105010
TPRAY Comdty	10105010
TPSA Comdty	101010
TPTA Index	503080
TPYA Index	503080
TQA Comdty	10103010
TQOA Index	503080
TQPA Comdty	10105020
TRA Comdty	10103010
TRA Index	503080
TRAA Comdty	502010
TRCA Comdty	10104020
TRCA Index	503080
TREA Index	503080
TRLA Comdty	502010
TRPA Comdty	502010
TRPA Index	503010
TRSA Curncy	501010
TRTA Comdty	502010
TRWA Curncy	501010
TRYA Curncy	501010
TSAA Comdty	502030
TSCA Comdty	102020
TSIA Comdty	103530
TSYA Index	503080
TTAA Comdty	30603020
TTBA Comdty	9080
TTDA Comdty	10102050
TTLA Comdty	101020
TTPA Comdty	101020
TTRA Comdty	502020
TTSA Comdty	10102050
TTWA Index	10103020
TUA Comdty	502010
TUAA Comdty	10103080
TUIA Comdty	502080
TUOA Curncy	501010
TUSA Comdty	401050
TVBA Index	503080
TVCA Comdty	40101020
TVDA Comdty	10102080
TVRA Comdty	10103080
TVYA Comdty	502010
TWAA Comdty	10103040
TWEA Comdty	502010
TWTA Index	503080
TXA Index	503080
TXAA Index	4050
TXRA Comdty	502030
TYA Comdty	502010
TYAA Comdty	10103040
TYLA Comdty	502010
TYOA Comdty	502010
TYPA Comdty	502010
TYWA Comdty	502080
TZA Comdty	101020
TZA Index	503080
U1A Curncy	501010
U2A Curncy	501010
U3A Curncy	501010
U4A Curncy	501010
U6A Comdty	101010
UAA Index	503080
UADA Curncy	501010
UAEA Comdty	403010
UASA Curncy	501010
UAWA Curncy	501010
UBA Comdty	502010
UBEA Index	509080
UBLA Index	509080
UBOA Index	509080
UBPA Index	509080
UBRA Curncy	501010
UBRA Index	509080
UBSA Index	509080
UBTA Comdty	25401016
UBY Curncy	501010
UBYA Comdty	10105010
UCA Curncy	501010
UCAA Curncy	501010
UCDA Curncy	501010
UCLA Comdty	40101010
UCWA Comdty	10103080
UDDA Index	503020
UDRA Comdty	203550
UDSA Comdty	401050
UEA Comdty	101020
UEBA Index	503080
UECA Comdty	10103080
UELA Comdty	40101010
UEOA Curncy	501010
UEPA Curncy	501010
UEWA Index	503080
UEYA Curncy	501010
UFAA Curncy	502010
UFBA Curncy	502010
UFCA Comdty	307010
UFCA Curncy	501010
UFCA Index	502040
UFDA Comdty	307010
UFEA Comdty	307010
UFIA Comdty	307020
UFLA Comdty	307025
UFOA Comdty	102010
UFPA Comdty	10102050
UGA Curncy	501010
UGCA Comdty	10103080
UGEA Comdty	403010
UGEA Index	503080
UGLA Comdty	502010
UGPA Comdty	502010
UGYA Comdty	403010
UIY Curncy	501010
UJAA Comdty	10103020
UJBA Index	503080
UJCA Index	503080
UJEA Index	503080
UJLA Comdty	403010
UKA Comdty	10103080
UKBA Curncy	501010
UKDA Index	503020
UKEA Comdty	403010
UKLA Index	503080
UKPA Curncy	501010
ULA Comdty	10103020
ULA Index	503080
ULAA Comdty	302010
ULBA Comdty	10103010
ULCA Comdty	10101085
UMAA Comdty	10105020
UMCA Curncy	501010
UMEA Index	503080
UMIA Comdty	10101080
UMPA Comdty	307010
UMSA Curncy	501010
UNA Comdty	10103020
UNCA Curncy	501010
UNLA Comdty	401010
UNOA Comdty	307015
UNTA Comdty	10101080
UOA Index	503080
UOAA Comdty	10103080
UPAA Comdty	10103050
UPBA Comdty	10103050
UPCA Comdty	103530
UPYA Comdty	10105020
UQA Comdty	10101085
URAA Curncy	501010
URCA Comdty	302010
URIA Comdty	307010
URLA Curncy	501010
UROA Curncy	501010
URSA Curncy	501010
USA Comdty	502010
USAA Comdty	401050
USCA Curncy	501010
USLA Comdty	10103080
USTA Curncy	501010
USWA Comdty	502010
USYA Curncy	501010
UTA Comdty	101020
UTAA Comdty	10105020
UTBA Comdty	10105020
UTCA Comdty	10105020
UTDA Comdty	10105010
UTEA Comdty	10105010
UTEA Index	503080
UTIA Comdty	10105010
UTRA Curncy	501010
UUA Comdty	101020
UUAA Curncy	501010
UUBA Comdty	502010
UUDA Comdty	10101085
UWTA Comdty	201030
UXA Index	503030
UXAA Comdty	104010
UXTA Comdty	502080
UXWA Comdty	502080
UXYA Comdty	502010
UYAA Comdty	10103080
UZBA Comdty	502010
UZDA Index	503020
UZEA Index	503020
UZIA Index	503020
V1A Comdty	101010
V6A Comdty	25401016
VAAA Index	503030
VAIA Comdty	502010
VARA Index	503080
VASA Curncy	501010
VAWA Curncy	501010
VBA Comdty	201010
VBA Index	504020
VBEA Comdty	201010
VCAA Curncy	501010
VCCA Comdty	403010
VCPA Comdty	403010
VCSA Comdty	403010
VCTA Comdty	403010
VCWA Curncy	501010
VDDA Curncy	501010
VEA Comdty	10103020
VEA Index	503080
VEBA Comdty	10105010
VEPA Comdty	10105020
VETA Index	503030
VEYA Index	503080
VFA Comdty	201030
VFA Curncy	501010
VGA Index	503080
VGAA Comdty	101010
VGPA Comdty	101020
VGRA Comdty	10105020
VHA Comdty	101010
VHA Index	503080
VHDA Comdty	101010
VHSA Index	503030
VIA Comdty	10103080
VIEA Comdty	10103080
VISA Comdty	10103080
VJA Comdty	201030
VJIA Comdty	502010
VJPA Curncy	501010
VJWA Curncy	501010
VLA Index	503080
VLAA Comdty	10103080
VLLA Comdty	10105010
VLTT Index	503030
VNA Comdty	201030
VNCA Index	503080
VNTA Comdty	10103010
VOA Index	503080
VOOA Comdty	201030
VPA Comdty	10103010
VPAA Index	504020
VPBA Comdty	401020
VPCA Comdty	202530
VPEA Comdty	401020
VPSA Comdty	10105020
VQOA Index	503030
VRAA Comdty	10103080
VTA Comdty	202010
VTAA Comdty	502010
VTAA Index	503080
VTCA Comdty	10102050
VTCA Index	503080
VTDA Index	503080
VTEA Curncy	501010
VTEA Index	503080
VTIA Index	503080
VTLA Index	503080
VTOA Comdty	10102050
VTOA Index	503080
VTRA Index	503080
VTSA Index	503080
VTTA Comdty	10102050
VTWA Curncy	501010
VTWA Index	503080
VUAA Curncy	501010
VUCA Comdty	101010
VVA Comdty	301010
VVAA Comdty	10103080
VWBA Comdty	10105010
VWBA Curncy	501010
VWPA Comdty	10105020
VWSA Curncy	501010
VXAA Curncy	501010
VXBA Curncy	501010
VXCA Curncy	501010
VXLA Index	503030
VXSA Curncy	501010
VXTA Index	503030
VYBA Comdty	502010
VZA Index	503080
W A Comdty	201030
W3A Comdty	10103080
W4A Comdty	10103050
W5A Comdty	10103050
W6A Comdty	10103040
W7A Comdty	10103030
W8A Comdty	10103060
W9A Comdty	10103080
WABA Comdty	502010
WABA Curncy	501010
WACA Index	101010
WASA Curncy	501010
WAYA Curncy	501010
WBA Comdty	502010
WBDA Comdty	10101080
WBEA Comdty	10103040
WBLA Comdty	10101080
WBSA Comdty	201030
WBWA Index	503080
WCBA Curncy	501010
WCDA Comdty	10105020
WCEA Comdty	101010
WCOA Comdty	10105030
WCPA Index	503080
WCTA Comdty	101010
WCWA Index	101010
WCYA Curncy	501010
WDBA Comdty	10101080
WDCA Comdty	10101080
WDOA Curncy	501010
WDTA Comdty	10101080
WEA Comdty	10103050
WEAA Comdty	10103050
WEBA Curncy	501010
WEDA Comdty	201035
WEEA Comdty	201030
WERA Comdty	201030
WETA Index	503080
WEWA Curncy	501010
WEYA Curncy	501010
WFIA Index	503080
WFOA Comdty	201030
WFPA Comdty	25401030
WGBA Comdty	502020
WGCA Comdty	10102050
WGDA Comdty	10102050
WGRA Comdty	502020
WHA Comdty	10103050
WHBA Comdty	502010
WHIA Comdty	201030
WHOA Index	10103010
WHWA Comdty	10101080
WHYA Comdty	10101080
WIBA Comdty	10105020
WIWA Index	503080
WIYA Index	503080
WJA Curncy	501010
WJAA Comdty	10101080
WJBA Curncy	501010
WJCA Index	503080
WJEA Index	503080
WJIA Index	503080
WJLA Index	503080
WJTA Index	503080
WJWA Index	503080
WJYA Curncy	501010
WLA Index	502030
WLBA Curncy	501010
WLCA Index	503080
WLLA Comdty	10105010
WLTA Index	503080
WLYA Curncy	501010
WMAA Comdty	10103040
WMBA Comdty	10103040
WMCA Comdty	10103030
WMDA Comdty	10101080
WMIA Comdty	101010
WMIA Index	503080
WMRA Comdty	10101080
WMSA Comdty	201010
WMTA Comdty	10103050
WMWA Index	503080
WNA Comdty	502010
WNTA Comdty	10101080
WNWA Comdty	502010
WOA Comdty	10103020
WOAA Comdty	10101080
WOIA Comdty	101010
WOSA Comdty	101010
WOTA Comdty	10101080
WOWA Index	503080
WQA Index	503080
WQAA Comdty	401050
WQEA Index	503080
WQIA Index	503080
WQLA Index	503080
WQOA Index	503080
WQPA Index	503080
WQRA Index	503080
WQSA Comdty	207020
WQTA Index	503080
WQWA Index	503080
WRA Comdty	10101085
WRBA Comdty	502020
WRDA Comdty	10103050
WREA Comdty	502020
WRIA Comdty	201030
WRSA Comdty	10103050
WRTA Comdty	103520
WRYA Index	503080
WSBA Comdty	20301010
WSPA Index	503080
WTA Comdty	10103050
WTA Curncy	501010
WTBA Index	503080
WTDA Index	503080
WTEA Index	503080
WTIA Comdty	101010
WTLA Index	503080
WTOA Index	503080
WTPA Index	503080
WTRA Comdty	10101080
WTRA Index	503080
WTTA Index	503080
WUA Comdty	10103080
WUBA Index	503080
WUCA Comdty	10101080
WUCA Index	503080
WUDA Comdty	10101080
WUDA Index	503080
WUEA Index	503080
WUIA Index	503080
WULA Index	503080
WUOA Index	503080
WUPA Index	503080
WURA Index	503080
WUSA Index	503080
WUTA Index	503080
WUWA Index	503080
WUYA Index	503080
WVWA Index	503080
WWCA Comdty	207010
WWIA Comdty	101010
WWPA Comdty	502020
WWYA Comdty	101020
WXA Comdty	502010
WXDA Comdty	102020
WXIA Comdty	102020
WXTA Comdty	502010
WXWA Comdty	10103080
WYIA Comdty	10103080
WZA Comdty	201010
WZA Index	503080
XAA Comdty	101040
XAAA Comdty	101010
XARA Index	503080
XASA Index	503080
XATA Comdty	102010
XAWA Comdty	102010
XAYA Curncy	501010
XBA Index	503080
XBAA Comdty	101040
XBAA Index	503080
XBEA Index	503080
XBIA Index	503080
XBPA Index	503080
XBWA Comdty	10103020
XCDA Comdty	102020
XCEA Comdty	102020
XCYA Curncy	501010
XDA Comdty	502010
XDPA Comdty	102010
XDTA Comdty	102010
XDWA Curncy	501010
XEA Comdty	101040
XECA Comdty	101010
XEDA Curncy	501010
XEYA Index	503080
XFAA Index	503080
XFDA Index	503020
XFEA Index	503080
XFIA Index	503080
XFLA Index	503080
XFPA Index	503080
XFSA Index	503080
XFTA Index	503080
XFYA Index	503080
XGA Comdty	102010
XHAA Comdty	10102055
XIA Index	503080
XICA Comdty	101020
XIDA Curncy	501010
XIIA Comdty	103040
XIOA Comdty	103530
XIWA Index	503080
XJAA Index	503080
XJPA Curncy	501010
XJTA Index	503080
XJYA Curncy	501010
XKA Comdty	101040
XKRA Curncy	501010
XKSA Index	503080
XLBA Index	509080
XLCA Index	509080
XLDA Index	509080
XLEA Index	509080
XLRA Index	503080
XLTA Comdty	102010
XMA Comdty	502010
XMBA Index	503080
XMCA Index	503080
XNAA Comdty	10102055
XOAA Comdty	10102055
XPA Comdty	502030
XPA Index	503080
XPTA Index	503080
XQA Comdty	502010
XQAA Comdty	10102055
XQBA Comdty	10105010
XRPA Index	503080
XRTA Index	503080
XSA Comdty	101040
XSDA Curncy	501010
XSDA Index	503080
XSRA Index	503080
XSSA Index	503080
XSTA Index	503080
XSWA Index	503080
XSYA Curncy	501010
XTBA Curncy	501010
XTDA Curncy	501010
XUA Index	503080
XUAA Curncy	501010
XUCA Curncy	501010
XULA Comdty	101010
XUPA Comdty	10105020
XUTA Index	503080
XUWA Curncy	501010
XVTA Index	503080
XWYA Curncy	501010
XXBA Comdty	101010
XYA Comdty	101040
XYAA Index	503080
XYSA Curncy	501010
XZTA Index	503080
Y0A Comdty	103010
YAA Curncy	501010
YAAA Comdty	101020
YACA Comdty	101040
YALA Comdty	103020
YBA Comdty	101020
YBEA Comdty	10105010
YBRA Comdty	101040
YBYA Index	503080
YCA Comdty	201010
YCOA Comdty	103010
YEA Comdty	502030
YEOA Comdty	502030
YEPA Comdty	502030
YERA Comdty	502030
YESA Comdty	502030
YETA Comdty	502030
YFA Curncy	501010
YFAA Comdty	10103010
YGA Comdty	101010
YGCA Comdty	10105010
YGDA Comdty	10105010
YGPA Comdty	10103020
YGRA Index	503080
YGSA Comdty	10105010
YGWA Comdty	10105010
YIAA Comdty	502030
YIBA Comdty	502030
YICA Comdty	502030
YIDA Comdty	502030
YIEA Comdty	502030
YIIA Comdty	502030
YILA Comdty	502030
YIOA Comdty	502030
YITA Comdty	502030
YIWA Comdty	502030
YIYA Comdty	502030
YJA Comdty	101040
YJA Curncy	501010
YJOA Comdty	10103080
YJPA Comdty	10103030
YKA Comdty	202010
YKA Curncy	501010
YMA Comdty	502010
YMBA Comdty	502010
YMEA Index	503080
YMTA Index	503080
YMYA Index	503080
YNBA Comdty	10103020
YNDA Comdty	103040
YNLA Comdty	10103080
YNRA Comdty	10103080
YNSA Comdty	502010
YPA Comdty	201030
YPCA Index	503080
YPDA Comdty	103060
YQA Index	503080
YQBA Comdty	502010
YQEA Comdty	502010
YQIA Comdty	502010
YQTA Comdty	502010
YSA Comdty	102020
YSRA Index	503080
YTA Curncy	501010
YTAA Index	503080
YTEA Comdty	103050
YTPA Index	503080
YVAA Comdty	10101080
YWA Comdty	201010
YXAA Comdty	10101080
YYA Comdty	502010
YYAA Comdty	502010
YZA Comdty	10103010
YZDA Comdty	103030
Z0A Comdty	10101085
Z7A Comdty	102010
ZAA Comdty	101020
ZACA Curncy	501010
ZAEA Comdty	30603020
ZAOA Comdty	10105030
ZAPA Comdty	10105020
ZAPA Index	503080
ZATA Curncy	501010
ZBA Comdty	502020
ZBA Curncy	501010
ZCBA Comdty	30602010
ZCOA Comdty	10105030
ZCPA Comdty	10105020
ZCPA Curncy	501010
ZCYA Curncy	501010
ZDA Curncy	501010
ZEBA Comdty	403010
ZEOA Comdty	10105030
ZEPA Comdty	10105020
ZEYA Comdty	403050
ZFBA Comdty	10105020
ZFCA Comdty	10105030
ZFSA Comdty	10103010
ZGA Curncy	501010
ZGOA Comdty	10105030
ZGPA Comdty	10105020
ZGSA Comdty	401050
ZHA Curncy	501010
ZIA Comdty	102020
ZIA Curncy	501010
ZIBA Comdty	10105010
ZITA Comdty	103030
ZJOA Comdty	10105030
ZJPA Comdty	10105020
ZJPA Curncy	501010
ZKA Curncy	501010
ZLA Comdty	10103010
ZLA Curncy	501010
ZMEA Comdty	30603010
ZNA Curncy	501010
ZNAA Comdty	103030
ZNCA Comdty	103030
ZNDA Curncy	501010
ZNEA Curncy	501010
ZNLA Curncy	501010
ZNRA Curncy	501010
ZOA Curncy	501010
ZPA Comdty	102010
ZPLA Curncy	501010
ZPSA Comdty	302010
ZPTA Comdty	302010
ZPWA Comdty	10103080
ZPYA Comdty	10103080
ZQA Curncy	501010
ZQTA Comdty	10102030
ZQWA Index	503080
ZQYA Index	503080
ZRAA Curncy	501010
ZRCA Comdty	202020
ZRDA Index	503080
ZRLA Index	503080
ZROA Comdty	202520
ZRRA Comdty	202620
ZRTA Index	503080
ZSA Comdty	101020
ZSA Curncy	501010
ZSEA Curncy	501010
ZSIA Index	503080
ZSPA Curncy	501010
ZSRA Index	503080
ZSSA Comdty	502010
ZSSA Index	503080
ZSTA Comdty	103520
ZSWA Curncy	501010
ZSYA Comdty	305010
ZTA Curncy	501010
ZTIA Comdty	502010
ZTIA Index	503080
ZTLA Comdty	502010
ZTOA Index	503080
ZTPA Comdty	10102050
ZTPAQ Comdty	10102050
ZTPAS Comdty	10102050
ZTPAY Comdty	10102050
ZTRA Curncy	501010
ZTRA Index	503080
ZTSA Index	503080
ZTWA Comdty	201030
ZTWA Index	503080
ZTYA Index	503080
ZUAA Comdty	502010
ZUBA Comdty	10105010
ZULA Index	503080
ZUOA Index	503080
ZUYA Index	503080
ZVBA Comdty	201020
ZVBA Index	503080
ZVCA Index	503080
ZVDA Index	503080
ZVEA Index	503080
ZVLA Index	503080
ZVOA Index	503080
ZVPA Index	503080
ZVTA Index	503080
ZVWA Index	503080
ZVYA Index	503080
ZWBA Index	503080
ZWLA Index	503080
ZWOA Index	503080
ZZAA Comdty	304027
ZZAA Curncy	501010
ZZBA Comdty	30602010
ZZCA Index	503080
ZZEA Comdty	10103080
ZZPA Comdty	30601025
ZZWA Comdty	10103020
ZZYA Comdty	304027
